mode: set
leaflock/config/config.go:53.27,55.23 2 0
leaflock/config/config.go:55.23,57.3 1 0
leaflock/config/config.go:58.2,59.72 2 0
leaflock/config/config.go:59.72,61.3 1 0
leaflock/config/config.go:62.2,62.23 1 0
leaflock/config/config.go:62.23,64.3 1 0
leaflock/config/config.go:65.2,65.36 1 0
leaflock/config/config.go:65.36,66.24 1 0
leaflock/config/config.go:66.24,68.4 1 0
leaflock/config/config.go:69.3,69.20 1 0
leaflock/config/config.go:73.2,74.21 2 0
leaflock/config/config.go:74.21,76.3 1 0
leaflock/config/config.go:77.2,77.25 1 0
leaflock/config/config.go:77.25,79.3 1 0
leaflock/config/config.go:81.2,83.35 3 0
leaflock/config/config.go:83.35,84.78 1 0
leaflock/config/config.go:84.78,86.4 1 0
leaflock/config/config.go:89.2,90.18 2 0
leaflock/config/config.go:90.18,92.3 1 0
leaflock/config/config.go:93.2,93.22 1 0
leaflock/config/config.go:93.22,95.3 1 0
leaflock/config/config.go:97.2,98.35 2 0
leaflock/config/config.go:98.35,99.75 1 0
leaflock/config/config.go:99.75,101.4 1 0
leaflock/config/config.go:104.2,105.17 2 0
leaflock/config/config.go:105.17,107.54 1 0
leaflock/config/config.go:107.54,109.4 1 0
leaflock/config/config.go:109.9,112.4 1 0
leaflock/config/config.go:116.2,117.48 2 0
leaflock/config/config.go:117.48,119.30 1 0
leaflock/config/config.go:119.30,121.4 1 0
leaflock/config/config.go:122.3,124.43 3 0
leaflock/config/config.go:124.43,125.102 1 0
leaflock/config/config.go:125.102,127.5 1 0
leaflock/config/config.go:132.2,133.25 2 0
leaflock/config/config.go:133.25,134.29 1 0
leaflock/config/config.go:134.29,136.4 1 0
leaflock/config/config.go:137.3,139.43 3 0
leaflock/config/config.go:139.43,140.102 1 0
leaflock/config/config.go:140.102,142.5 1 0
leaflock/config/config.go:147.2,147.123 1 0
leaflock/config/config.go:147.123,149.3 1 0
leaflock/config/config.go:151.2,158.35 1 0
leaflock/config/config.go:158.35,162.36 2 0
leaflock/config/config.go:162.36,165.5 2 0
leaflock/config/config.go:168.4,170.27 2 0
leaflock/config/config.go:170.27,172.5 1 0
leaflock/config/config.go:174.4,175.18 2 0
leaflock/config/config.go:203.45,204.32 1 1
leaflock/config/config.go:205.18,206.16 1 1
leaflock/config/config.go:207.24,208.17 1 1
leaflock/config/config.go:209.25,210.16 1 1
leaflock/config/config.go:211.22,212.17 1 1
leaflock/config/config.go:213.36,214.17 1 1
leaflock/config/config.go:215.10,216.32 1 1
leaflock/config/config.go:220.45,221.15 1 1
leaflock/config/config.go:222.49,223.14 1 1
leaflock/config/config.go:224.10,225.15 1 1
leaflock/config/config.go:230.55,231.42 1 1
leaflock/config/config.go:231.42,233.3 1 1
leaflock/config/config.go:234.2,234.21 1 1
leaflock/config/config.go:238.55,239.61 1 1
leaflock/config/config.go:239.61,241.56 2 1
leaflock/config/config.go:241.56,243.4 1 1
leaflock/config/config.go:244.3,244.56 1 1
leaflock/config/config.go:244.56,246.4 1 1
leaflock/config/config.go:248.2,248.21 1 1
leaflock/config/config.go:252.70,253.61 1 1
leaflock/config/config.go:253.61,256.30 3 1
leaflock/config/config.go:256.30,257.57 1 1
leaflock/config/config.go:257.57,259.5 1 1
leaflock/config/config.go:261.3,261.16 1 1
leaflock/config/config.go:263.2,263.21 1 1
leaflock/config/config.go:267.52,268.61 1 1
leaflock/config/config.go:268.61,269.55 1 1
leaflock/config/config.go:269.55,271.4 1 1
leaflock/config/config.go:273.2,273.21 1 1
leaflock/config/config.go:277.47,279.19 2 1
leaflock/config/config.go:279.19,281.3 1 1
leaflock/config/config.go:282.2,282.39 1 1
leaflock/config/config.go:282.39,284.3 1 1
leaflock/config/config.go:285.2,286.16 2 1
leaflock/config/config.go:286.16,289.3 2 0
leaflock/config/config.go:290.2,290.18 1 1
leaflock/config/config.go:290.18,292.3 1 1
leaflock/config/config.go:293.2,293.16 1 0
leaflock/config/config.go:298.61,299.20 1 1
leaflock/config/config.go:299.20,301.3 1 1
leaflock/config/config.go:302.2,303.56 2 1
leaflock/config/config.go:303.56,305.3 1 1
leaflock/config/config.go:306.2,307.16 2 1
leaflock/config/config.go:307.16,309.3 1 0
leaflock/config/config.go:310.2,310.19 1 1
leaflock/config/config.go:310.19,311.50 1 1
leaflock/config/config.go:311.50,313.4 1 1
leaflock/config/config.go:315.2,315.17 1 1
leaflock/config/config.go:320.39,322.16 2 1
leaflock/config/config.go:322.16,324.3 1 1
leaflock/config/config.go:325.2,326.16 2 1
leaflock/config/config.go:326.16,328.3 1 1
leaflock/config/config.go:329.2,330.16 2 1
leaflock/config/config.go:330.16,332.3 1 1
leaflock/config/config.go:333.2,333.16 1 1
leaflock/config/config.go:333.16,335.3 1 1
leaflock/config/config.go:336.2,337.14 2 1
leaflock/config/config.go:337.14,339.3 1 1
leaflock/config/config.go:340.2,340.42 1 1
leaflock/config/config.go:340.42,342.3 1 1
leaflock/config/config.go:343.2,344.16 2 1
leaflock/config/config.go:344.16,346.3 1 1
leaflock/config/config.go:347.2,347.16 1 1
leaflock/config/config.go:347.16,349.3 1 1
leaflock/config/config.go:350.2,351.19 2 1
leaflock/config/config.go:351.19,353.3 1 1
leaflock/config/config.go:354.2,354.19 1 1
leaflock/config/config.go:354.19,356.3 1 1
leaflock/config/config.go:357.2,366.19 5 1
leaflock/crypto/crypto.go:24.50,26.2 1 1
leaflock/crypto/crypto.go:30.67,32.16 2 1
leaflock/crypto/crypto.go:32.16,34.3 1 0
leaflock/crypto/crypto.go:36.2,37.44 2 1
leaflock/crypto/crypto.go:37.44,39.3 1 0
leaflock/crypto/crypto.go:41.2,42.42 2 1
leaflock/crypto/crypto.go:47.68,49.16 2 1
leaflock/crypto/crypto.go:49.16,51.3 1 0
leaflock/crypto/crypto.go:53.2,53.40 1 1
leaflock/crypto/crypto.go:53.40,55.3 1 1
leaflock/crypto/crypto.go:57.2,60.47 3 1
leaflock/crypto/crypto.go:66.96,74.16 7 1
leaflock/crypto/crypto.go:74.16,76.3 1 0
leaflock/crypto/crypto.go:78.2,83.51 5 1
leaflock/crypto/crypto.go:88.123,96.16 7 1
leaflock/crypto/crypto.go:96.16,98.3 1 0
leaflock/crypto/crypto.go:100.2,105.47 5 1
leaflock/crypto/crypto.go:110.100,117.16 6 1
leaflock/crypto/crypto.go:117.16,119.3 1 0
leaflock/crypto/crypto.go:120.2,121.44 2 1
leaflock/crypto/crypto.go:121.44,123.3 1 0
leaflock/crypto/crypto.go:124.2,125.42 2 1
leaflock/crypto/crypto.go:130.101,137.16 6 1
leaflock/crypto/crypto.go:137.16,139.3 1 0
leaflock/crypto/crypto.go:140.2,140.40 1 1
leaflock/crypto/crypto.go:140.40,142.3 1 0
leaflock/crypto/crypto.go:143.2,145.47 3 1
leaflock/crypto/crypto.go:150.98,152.16 2 1
leaflock/crypto/crypto.go:152.16,154.3 1 0
leaflock/crypto/crypto.go:155.2,156.44 2 1
leaflock/crypto/crypto.go:156.44,158.3 1 0
leaflock/crypto/crypto.go:159.2,160.42 2 1
leaflock/crypto/crypto.go:165.99,167.16 2 1
leaflock/crypto/crypto.go:167.16,169.3 1 0
leaflock/crypto/crypto.go:170.2,170.40 1 1
leaflock/crypto/crypto.go:170.40,172.3 1 0
leaflock/crypto/crypto.go:173.2,175.47 3 1
leaflock/crypto/crypto.go:180.56,184.2 3 1
leaflock/crypto/crypto.go:188.72,190.2 1 0
leaflock/crypto/crypto.go:194.73,196.2 1 0
leaflock/crypto/password.go:22.56,28.2 4 1
leaflock/crypto/password.go:34.56,36.21 2 1
leaflock/crypto/password.go:36.21,38.3 1 1
leaflock/crypto/password.go:40.2,44.62 4 1
leaflock/main.go:49.13,70.42 12 0
leaflock/main.go:70.42,72.3 1 0
leaflock/main.go:73.2,73.27 1 0
leaflock/main.go:73.27,75.3 1 0
leaflock/main.go:75.8,77.3 1 0
leaflock/main.go:80.2,86.24 5 0
leaflock/main.go:86.24,89.3 2 0
leaflock/main.go:89.8,91.3 1 0
leaflock/main.go:92.2,92.16 1 0
leaflock/main.go:92.16,94.3 1 0
leaflock/main.go:95.2,110.15 5 0
leaflock/main.go:110.15,112.3 1 0
leaflock/main.go:113.2,135.12 13 0
leaflock/main.go:135.12,136.83 1 0
leaflock/main.go:136.83,138.4 1 0
leaflock/main.go:142.2,151.160 6 0
leaflock/main.go:151.160,153.3 1 0
leaflock/main.go:153.8,153.39 1 0
leaflock/main.go:153.39,156.3 2 0
leaflock/main.go:157.2,162.66 4 0
leaflock/main.go:162.66,164.3 1 0
leaflock/main.go:165.2,174.12 6 0
leaflock/main.go:174.12,178.45 4 0
leaflock/main.go:178.45,180.4 1 0
leaflock/main.go:180.9,182.4 1 0
leaflock/main.go:183.3,183.30 1 0
leaflock/main.go:186.2,192.9 4 0
leaflock/routes.go:29.185,35.26 1 0
leaflock/routes.go:35.26,36.75 1 0
leaflock/routes.go:36.75,38.5 1 0
leaflock/routes.go:39.4,39.12 1 0
leaflock/routes.go:61.2,70.33 1 0
leaflock/routes.go:70.33,78.4 3 0
leaflock/routes.go:82.2,83.46 1 0
leaflock/routes.go:83.46,85.74 1 0
leaflock/routes.go:85.74,87.5 1 0
leaflock/routes.go:90.4,90.56 1 0
leaflock/routes.go:90.56,92.32 1 0
leaflock/routes.go:92.32,94.6 1 0
leaflock/routes.go:96.5,96.45 1 0
leaflock/routes.go:96.45,99.31 3 0
leaflock/routes.go:99.31,101.7 1 0
leaflock/routes.go:104.4,104.16 1 0
leaflock/routes.go:113.2,113.53 1 0
leaflock/routes.go:113.53,115.3 1 0
leaflock/routes.go:118.2,155.89 26 0
leaflock/routes.go:155.89,160.3 4 0
leaflock/routes.go:163.2,276.42 79 0
leaflock/routes.go:276.42,277.36 1 0
leaflock/routes.go:277.36,279.4 1 0
leaflock/routes.go:280.3,280.34 1 0
leaflock/routes.go:283.2,283.54 1 0
leaflock/routes.go:283.54,285.3 1 0
leaflock/swagger.go:16.39,18.24 2 1
leaflock/swagger.go:18.24,20.3 1 1
leaflock/swagger.go:22.2,22.34 1 1
leaflock/swagger.go:22.34,24.20 2 1
leaflock/swagger.go:24.20,26.4 1 1
leaflock/swagger.go:27.3,28.29 2 1
leaflock/swagger.go:29.15,30.11 1 1
leaflock/swagger.go:31.37,32.20 1 0
leaflock/swagger.go:33.11,34.42 1 0
leaflock/swagger.go:36.3,36.28 1 1
leaflock/swagger.go:36.28,37.27 1 1
leaflock/swagger.go:37.27,39.5 1 1
leaflock/swagger.go:41.3,41.81 1 0
leaflock/swagger.go:47.45,49.16 2 1
leaflock/swagger.go:49.16,51.3 1 0
leaflock/swagger.go:52.2,53.21 2 1
leaflock/swagger.go:56.43,80.2 4 1
leaflock/database/database.go:34.57,39.42 2 0
leaflock/database/database.go:39.42,41.17 2 0
leaflock/database/database.go:41.17,43.4 1 0
leaflock/database/database.go:45.3,45.42 1 0
leaflock/database/database.go:45.42,48.64 3 0
leaflock/database/database.go:48.64,50.5 1 0
leaflock/database/database.go:52.4,52.15 1 0
leaflock/database/database.go:52.15,53.70 1 0
leaflock/database/database.go:53.70,55.6 1 0
leaflock/database/database.go:57.9,59.4 1 0
leaflock/database/database.go:60.3,60.22 1 0
leaflock/database/database.go:64.2,68.16 3 0
leaflock/database/database.go:68.16,70.3 1 0
leaflock/database/database.go:73.2,88.16 10 0
leaflock/database/database.go:88.16,90.3 1 0
leaflock/database/database.go:93.2,93.58 1 0
leaflock/database/database.go:93.58,95.3 1 0
leaflock/database/database.go:98.2,98.59 1 0
leaflock/database/database.go:98.59,100.3 1 0
leaflock/database/database.go:102.2,103.18 2 0
leaflock/database/database.go:108.61,115.42 3 0
leaflock/database/database.go:115.42,117.17 2 0
leaflock/database/database.go:117.17,119.4 1 0
leaflock/database/database.go:121.3,121.42 1 0
leaflock/database/database.go:121.42,124.64 3 0
leaflock/database/database.go:124.64,126.5 1 0
leaflock/database/database.go:128.4,128.15 1 0
leaflock/database/database.go:128.15,129.70 1 0
leaflock/database/database.go:129.70,131.6 1 0
leaflock/database/database.go:133.9,135.4 1 0
leaflock/database/database.go:136.3,136.22 1 0
leaflock/database/database.go:140.2,144.16 3 0
leaflock/database/database.go:144.16,146.3 1 0
leaflock/database/database.go:149.2,161.16 9 0
leaflock/database/database.go:161.16,163.3 1 0
leaflock/database/database.go:166.2,166.39 1 0
leaflock/database/database.go:166.39,168.3 1 0
leaflock/database/database.go:170.2,171.18 2 0
leaflock/database/database.go:175.76,179.21 2 0
leaflock/database/database.go:179.21,182.3 2 0
leaflock/database/database.go:184.2,189.16 4 0
leaflock/database/database.go:189.16,191.3 1 0
leaflock/database/database.go:192.2,192.15 1 0
leaflock/database/database.go:192.15,194.3 1 0
leaflock/database/database.go:197.2,197.56 1 0
leaflock/database/database.go:197.56,199.3 1 0
leaflock/database/database.go:202.2,202.80 1 0
leaflock/database/database.go:202.80,204.3 1 0
leaflock/database/database.go:207.2,207.39 1 0
leaflock/database/database.go:207.39,209.3 1 0
leaflock/database/database.go:211.2,212.12 2 0
leaflock/database/database.go:216.83,226.16 2 0
leaflock/database/database.go:226.16,229.3 2 0
leaflock/database/database.go:232.2,234.16 3 0
leaflock/database/database.go:234.16,235.36 1 0
leaflock/database/database.go:235.36,238.4 1 0
leaflock/database/database.go:239.3,240.18 2 0
leaflock/database/database.go:244.2,244.46 1 0
leaflock/database/database.go:244.46,246.3 1 0
leaflock/database/database.go:249.2,255.59 3 0
leaflock/database/database.go:255.59,258.3 1 0
leaflock/database/database.go:260.2,260.29 1 0
leaflock/database/database.go:264.83,267.2 2 0
leaflock/database/database.go:270.69,274.16 3 0
leaflock/database/database.go:274.16,276.3 1 0
leaflock/database/database.go:277.2,277.12 1 0
leaflock/database/database.go:281.61,286.51 3 0
leaflock/database/database.go:286.51,288.3 1 0
leaflock/database/database.go:290.2,291.12 2 0
leaflock/database/database.go:295.55,297.16 2 1
leaflock/database/database.go:297.16,299.3 1 0
leaflock/database/database.go:301.2,304.27 3 1
leaflock/database/database.go:308.46,309.31 1 1
leaflock/database/database.go:309.31,311.3 1 1
leaflock/database/database.go:312.2,312.18 1 1
leaflock/config/config.go:53.27,55.23 2 0
leaflock/config/config.go:55.23,57.3 1 0
leaflock/config/config.go:58.2,59.72 2 0
leaflock/config/config.go:59.72,61.3 1 0
leaflock/config/config.go:62.2,62.23 1 0
leaflock/config/config.go:62.23,64.3 1 0
leaflock/config/config.go:65.2,65.36 1 0
leaflock/config/config.go:65.36,66.24 1 0
leaflock/config/config.go:66.24,68.4 1 0
leaflock/config/config.go:69.3,69.20 1 0
leaflock/config/config.go:73.2,74.21 2 0
leaflock/config/config.go:74.21,76.3 1 0
leaflock/config/config.go:77.2,77.25 1 0
leaflock/config/config.go:77.25,79.3 1 0
leaflock/config/config.go:81.2,83.35 3 0
leaflock/config/config.go:83.35,84.78 1 0
leaflock/config/config.go:84.78,86.4 1 0
leaflock/config/config.go:89.2,90.18 2 0
leaflock/config/config.go:90.18,92.3 1 0
leaflock/config/config.go:93.2,93.22 1 0
leaflock/config/config.go:93.22,95.3 1 0
leaflock/config/config.go:97.2,98.35 2 0
leaflock/config/config.go:98.35,99.75 1 0
leaflock/config/config.go:99.75,101.4 1 0
leaflock/config/config.go:104.2,105.17 2 0
leaflock/config/config.go:105.17,107.54 1 0
leaflock/config/config.go:107.54,109.4 1 0
leaflock/config/config.go:109.9,112.4 1 0
leaflock/config/config.go:116.2,117.48 2 0
leaflock/config/config.go:117.48,119.30 1 0
leaflock/config/config.go:119.30,121.4 1 0
leaflock/config/config.go:122.3,124.43 3 0
leaflock/config/config.go:124.43,125.102 1 0
leaflock/config/config.go:125.102,127.5 1 0
leaflock/config/config.go:132.2,133.25 2 0
leaflock/config/config.go:133.25,134.29 1 0
leaflock/config/config.go:134.29,136.4 1 0
leaflock/config/config.go:137.3,139.43 3 0
leaflock/config/config.go:139.43,140.102 1 0
leaflock/config/config.go:140.102,142.5 1 0
leaflock/config/config.go:147.2,147.123 1 0
leaflock/config/config.go:147.123,149.3 1 0
leaflock/config/config.go:151.2,158.35 1 0
leaflock/config/config.go:158.35,162.36 2 0
leaflock/config/config.go:162.36,165.5 2 0
leaflock/config/config.go:168.4,170.27 2 0
leaflock/config/config.go:170.27,172.5 1 0
leaflock/config/config.go:174.4,175.18 2 0
leaflock/config/config.go:203.45,204.32 1 1
leaflock/config/config.go:205.18,206.16 1 1
leaflock/config/config.go:207.24,208.17 1 1
leaflock/config/config.go:209.25,210.16 1 1
leaflock/config/config.go:211.22,212.17 1 1
leaflock/config/config.go:213.36,214.17 1 1
leaflock/config/config.go:215.10,216.32 1 1
leaflock/config/config.go:220.45,221.15 1 1
leaflock/config/config.go:222.49,223.14 1 1
leaflock/config/config.go:224.10,225.15 1 1
leaflock/config/config.go:230.55,231.42 1 1
leaflock/config/config.go:231.42,233.3 1 1
leaflock/config/config.go:234.2,234.21 1 1
leaflock/config/config.go:238.55,239.61 1 1
leaflock/config/config.go:239.61,241.56 2 1
leaflock/config/config.go:241.56,243.4 1 1
leaflock/config/config.go:244.3,244.56 1 1
leaflock/config/config.go:244.56,246.4 1 1
leaflock/config/config.go:248.2,248.21 1 1
leaflock/config/config.go:252.70,253.61 1 1
leaflock/config/config.go:253.61,256.30 3 1
leaflock/config/config.go:256.30,257.57 1 1
leaflock/config/config.go:257.57,259.5 1 1
leaflock/config/config.go:261.3,261.16 1 1
leaflock/config/config.go:263.2,263.21 1 1
leaflock/config/config.go:267.52,268.61 1 1
leaflock/config/config.go:268.61,269.55 1 1
leaflock/config/config.go:269.55,271.4 1 1
leaflock/config/config.go:273.2,273.21 1 1
leaflock/config/config.go:277.47,279.19 2 1
leaflock/config/config.go:279.19,281.3 1 1
leaflock/config/config.go:282.2,282.39 1 1
leaflock/config/config.go:282.39,284.3 1 1
leaflock/config/config.go:285.2,286.16 2 1
leaflock/config/config.go:286.16,289.3 2 0
leaflock/config/config.go:290.2,290.18 1 1
leaflock/config/config.go:290.18,292.3 1 1
leaflock/config/config.go:293.2,293.16 1 0
leaflock/config/config.go:298.61,299.20 1 1
leaflock/config/config.go:299.20,301.3 1 1
leaflock/config/config.go:302.2,303.56 2 1
leaflock/config/config.go:303.56,305.3 1 1
leaflock/config/config.go:306.2,307.16 2 1
leaflock/config/config.go:307.16,309.3 1 0
leaflock/config/config.go:310.2,310.19 1 1
leaflock/config/config.go:310.19,311.50 1 1
leaflock/config/config.go:311.50,313.4 1 1
leaflock/config/config.go:315.2,315.17 1 1
leaflock/config/config.go:320.39,322.16 2 1
leaflock/config/config.go:322.16,324.3 1 1
leaflock/config/config.go:325.2,326.16 2 1
leaflock/config/config.go:326.16,328.3 1 1
leaflock/config/config.go:329.2,330.16 2 1
leaflock/config/config.go:330.16,332.3 1 1
leaflock/config/config.go:333.2,333.16 1 1
leaflock/config/config.go:333.16,335.3 1 1
leaflock/config/config.go:336.2,337.14 2 1
leaflock/config/config.go:337.14,339.3 1 1
leaflock/config/config.go:340.2,340.42 1 1
leaflock/config/config.go:340.42,342.3 1 1
leaflock/config/config.go:343.2,344.16 2 1
leaflock/config/config.go:344.16,346.3 1 1
leaflock/config/config.go:347.2,347.16 1 1
leaflock/config/config.go:347.16,349.3 1 1
leaflock/config/config.go:350.2,351.19 2 1
leaflock/config/config.go:351.19,353.3 1 1
leaflock/config/config.go:354.2,354.19 1 1
leaflock/config/config.go:354.19,356.3 1 1
leaflock/config/config.go:357.2,366.19 5 1
leaflock/crypto/crypto.go:24.50,26.2 1 1
leaflock/crypto/crypto.go:30.67,32.16 2 1
leaflock/crypto/crypto.go:32.16,34.3 1 0
leaflock/crypto/crypto.go:36.2,37.44 2 1
leaflock/crypto/crypto.go:37.44,39.3 1 0
leaflock/crypto/crypto.go:41.2,42.42 2 1
leaflock/crypto/crypto.go:47.68,49.16 2 1
leaflock/crypto/crypto.go:49.16,51.3 1 0
leaflock/crypto/crypto.go:53.2,53.40 1 1
leaflock/crypto/crypto.go:53.40,55.3 1 1
leaflock/crypto/crypto.go:57.2,60.47 3 1
leaflock/crypto/crypto.go:66.96,74.16 7 1
leaflock/crypto/crypto.go:74.16,76.3 1 0
leaflock/crypto/crypto.go:78.2,83.51 5 1
leaflock/crypto/crypto.go:88.123,96.16 7 1
leaflock/crypto/crypto.go:96.16,98.3 1 0
leaflock/crypto/crypto.go:100.2,105.47 5 1
leaflock/crypto/crypto.go:110.100,117.16 6 1
leaflock/crypto/crypto.go:117.16,119.3 1 0
leaflock/crypto/crypto.go:120.2,121.44 2 1
leaflock/crypto/crypto.go:121.44,123.3 1 0
leaflock/crypto/crypto.go:124.2,125.42 2 1
leaflock/crypto/crypto.go:130.101,137.16 6 1
leaflock/crypto/crypto.go:137.16,139.3 1 0
leaflock/crypto/crypto.go:140.2,140.40 1 1
leaflock/crypto/crypto.go:140.40,142.3 1 0
leaflock/crypto/crypto.go:143.2,145.47 3 1
leaflock/crypto/crypto.go:150.98,152.16 2 1
leaflock/crypto/crypto.go:152.16,154.3 1 0
leaflock/crypto/crypto.go:155.2,156.44 2 1
leaflock/crypto/crypto.go:156.44,158.3 1 0
leaflock/crypto/crypto.go:159.2,160.42 2 1
leaflock/crypto/crypto.go:165.99,167.16 2 1
leaflock/crypto/crypto.go:167.16,169.3 1 0
leaflock/crypto/crypto.go:170.2,170.40 1 1
leaflock/crypto/crypto.go:170.40,172.3 1 0
leaflock/crypto/crypto.go:173.2,175.47 3 1
leaflock/crypto/crypto.go:180.56,184.2 3 1
leaflock/crypto/crypto.go:188.72,190.2 1 0
leaflock/crypto/crypto.go:194.73,196.2 1 0
leaflock/crypto/password.go:22.56,28.2 4 1
leaflock/crypto/password.go:34.56,36.21 2 1
leaflock/crypto/password.go:36.21,38.3 1 1
leaflock/crypto/password.go:40.2,44.62 4 1
leaflock/database/database.go:34.57,39.42 2 0
leaflock/database/database.go:39.42,41.17 2 0
leaflock/database/database.go:41.17,43.4 1 0
leaflock/database/database.go:45.3,45.42 1 0
leaflock/database/database.go:45.42,48.64 3 0
leaflock/database/database.go:48.64,50.5 1 0
leaflock/database/database.go:52.4,52.15 1 0
leaflock/database/database.go:52.15,53.70 1 0
leaflock/database/database.go:53.70,55.6 1 0
leaflock/database/database.go:57.9,59.4 1 0
leaflock/database/database.go:60.3,60.22 1 0
leaflock/database/database.go:64.2,68.16 3 0
leaflock/database/database.go:68.16,70.3 1 0
leaflock/database/database.go:73.2,88.16 10 0
leaflock/database/database.go:88.16,90.3 1 0
leaflock/database/database.go:93.2,93.58 1 0
leaflock/database/database.go:93.58,95.3 1 0
leaflock/database/database.go:98.2,98.59 1 0
leaflock/database/database.go:98.59,100.3 1 0
leaflock/database/database.go:102.2,103.18 2 0
leaflock/database/database.go:108.61,115.42 3 0
leaflock/database/database.go:115.42,117.17 2 0
leaflock/database/database.go:117.17,119.4 1 0
leaflock/database/database.go:121.3,121.42 1 0
leaflock/database/database.go:121.42,124.64 3 0
leaflock/database/database.go:124.64,126.5 1 0
leaflock/database/database.go:128.4,128.15 1 0
leaflock/database/database.go:128.15,129.70 1 0
leaflock/database/database.go:129.70,131.6 1 0
leaflock/database/database.go:133.9,135.4 1 0
leaflock/database/database.go:136.3,136.22 1 0
leaflock/database/database.go:140.2,144.16 3 0
leaflock/database/database.go:144.16,146.3 1 0
leaflock/database/database.go:149.2,161.16 9 0
leaflock/database/database.go:161.16,163.3 1 0
leaflock/database/database.go:166.2,166.39 1 0
leaflock/database/database.go:166.39,168.3 1 0
leaflock/database/database.go:170.2,171.18 2 0
leaflock/database/database.go:175.76,179.21 2 0
leaflock/database/database.go:179.21,182.3 2 0
leaflock/database/database.go:184.2,189.16 4 0
leaflock/database/database.go:189.16,191.3 1 0
leaflock/database/database.go:192.2,192.15 1 0
leaflock/database/database.go:192.15,194.3 1 0
leaflock/database/database.go:197.2,197.56 1 0
leaflock/database/database.go:197.56,199.3 1 0
leaflock/database/database.go:202.2,202.80 1 0
leaflock/database/database.go:202.80,204.3 1 0
leaflock/database/database.go:207.2,207.39 1 0
leaflock/database/database.go:207.39,209.3 1 0
leaflock/database/database.go:211.2,212.12 2 0
leaflock/database/database.go:216.83,226.16 2 0
leaflock/database/database.go:226.16,229.3 2 0
leaflock/database/database.go:232.2,234.16 3 0
leaflock/database/database.go:234.16,235.36 1 0
leaflock/database/database.go:235.36,238.4 1 0
leaflock/database/database.go:239.3,240.18 2 0
leaflock/database/database.go:244.2,244.46 1 0
leaflock/database/database.go:244.46,246.3 1 0
leaflock/database/database.go:249.2,255.59 3 0
leaflock/database/database.go:255.59,258.3 1 0
leaflock/database/database.go:260.2,260.29 1 0
leaflock/database/database.go:264.83,267.2 2 0
leaflock/database/database.go:270.69,274.16 3 0
leaflock/database/database.go:274.16,276.3 1 0
leaflock/database/database.go:277.2,277.12 1 0
leaflock/database/database.go:281.61,286.51 3 0
leaflock/database/database.go:286.51,288.3 1 0
leaflock/database/database.go:290.2,291.12 2 0
leaflock/database/database.go:295.55,297.16 2 1
leaflock/database/database.go:297.16,299.3 1 0
leaflock/database/database.go:301.2,304.27 3 1
leaflock/database/database.go:308.46,309.31 1 1
leaflock/database/database.go:309.31,311.3 1 1
leaflock/database/database.go:312.2,312.18 1 1
leaflock/main.go:49.13,70.42 12 0
leaflock/main.go:70.42,72.3 1 0
leaflock/main.go:73.2,73.27 1 0
leaflock/main.go:73.27,75.3 1 0
leaflock/main.go:75.8,77.3 1 0
leaflock/main.go:80.2,86.24 5 0
leaflock/main.go:86.24,89.3 2 0
leaflock/main.go:89.8,91.3 1 0
leaflock/main.go:92.2,92.16 1 0
leaflock/main.go:92.16,94.3 1 0
leaflock/main.go:95.2,110.15 5 0
leaflock/main.go:110.15,112.3 1 0
leaflock/main.go:113.2,135.12 13 0
leaflock/main.go:135.12,136.83 1 0
leaflock/main.go:136.83,138.4 1 0
leaflock/main.go:142.2,151.160 6 0
leaflock/main.go:151.160,153.3 1 0
leaflock/main.go:153.8,153.39 1 0
leaflock/main.go:153.39,156.3 2 0
leaflock/main.go:157.2,162.66 4 0
leaflock/main.go:162.66,164.3 1 0
leaflock/main.go:165.2,174.12 6 0
leaflock/main.go:174.12,178.45 4 0
leaflock/main.go:178.45,180.4 1 0
leaflock/main.go:180.9,182.4 1 0
leaflock/main.go:183.3,183.30 1 0
leaflock/main.go:186.2,192.9 4 0
leaflock/routes.go:29.185,35.26 1 0
leaflock/routes.go:35.26,36.75 1 0
leaflock/routes.go:36.75,38.5 1 0
leaflock/routes.go:39.4,39.12 1 0
leaflock/routes.go:61.2,70.33 1 0
leaflock/routes.go:70.33,78.4 3 0
leaflock/routes.go:82.2,83.46 1 0
leaflock/routes.go:83.46,85.74 1 0
leaflock/routes.go:85.74,87.5 1 0
leaflock/routes.go:90.4,90.56 1 0
leaflock/routes.go:90.56,92.32 1 0
leaflock/routes.go:92.32,94.6 1 0
leaflock/routes.go:96.5,96.45 1 0
leaflock/routes.go:96.45,99.31 3 0
leaflock/routes.go:99.31,101.7 1 0
leaflock/routes.go:104.4,104.16 1 0
leaflock/routes.go:113.2,113.53 1 0
leaflock/routes.go:113.53,115.3 1 0
leaflock/routes.go:118.2,155.89 26 0
leaflock/routes.go:155.89,160.3 4 0
leaflock/routes.go:163.2,276.42 79 0
leaflock/routes.go:276.42,277.36 1 0
leaflock/routes.go:277.36,279.4 1 0
leaflock/routes.go:280.3,280.34 1 0
leaflock/routes.go:283.2,283.54 1 0
leaflock/routes.go:283.54,285.3 1 0
leaflock/swagger.go:16.39,18.24 2 1
leaflock/swagger.go:18.24,20.3 1 1
leaflock/swagger.go:22.2,22.34 1 1
leaflock/swagger.go:22.34,24.20 2 1
leaflock/swagger.go:24.20,26.4 1 1
leaflock/swagger.go:27.3,28.29 2 1
leaflock/swagger.go:29.15,30.11 1 1
leaflock/swagger.go:31.37,32.20 1 0
leaflock/swagger.go:33.11,34.42 1 0
leaflock/swagger.go:36.3,36.28 1 1
leaflock/swagger.go:36.28,37.27 1 1
leaflock/swagger.go:37.27,39.5 1 1
leaflock/swagger.go:41.3,41.81 1 0
leaflock/swagger.go:47.45,49.16 2 1
leaflock/swagger.go:49.16,51.3 1 0
leaflock/swagger.go:52.2,53.21 2 1
leaflock/swagger.go:56.43,80.2 4 1
leaflock/database/database.go:34.57,39.42 2 0
leaflock/database/database.go:39.42,41.17 2 0
leaflock/database/database.go:41.17,43.4 1 0
leaflock/database/database.go:45.3,45.42 1 0
leaflock/database/database.go:45.42,48.64 3 0
leaflock/database/database.go:48.64,50.5 1 0
leaflock/database/database.go:52.4,52.15 1 0
leaflock/database/database.go:52.15,53.70 1 0
leaflock/database/database.go:53.70,55.6 1 0
leaflock/database/database.go:57.9,59.4 1 0
leaflock/database/database.go:60.3,60.22 1 0
leaflock/database/database.go:64.2,68.16 3 0
leaflock/database/database.go:68.16,70.3 1 0
leaflock/database/database.go:73.2,88.16 10 0
leaflock/database/database.go:88.16,90.3 1 0
leaflock/database/database.go:93.2,93.58 1 0
leaflock/database/database.go:93.58,95.3 1 0
leaflock/database/database.go:98.2,98.59 1 0
leaflock/database/database.go:98.59,100.3 1 0
leaflock/database/database.go:102.2,103.18 2 0
leaflock/database/database.go:108.61,115.42 3 0
leaflock/database/database.go:115.42,117.17 2 0
leaflock/database/database.go:117.17,119.4 1 0
leaflock/database/database.go:121.3,121.42 1 0
leaflock/database/database.go:121.42,124.64 3 0
leaflock/database/database.go:124.64,126.5 1 0
leaflock/database/database.go:128.4,128.15 1 0
leaflock/database/database.go:128.15,129.70 1 0
leaflock/database/database.go:129.70,131.6 1 0
leaflock/database/database.go:133.9,135.4 1 0
leaflock/database/database.go:136.3,136.22 1 0
leaflock/database/database.go:140.2,144.16 3 0
leaflock/database/database.go:144.16,146.3 1 0
leaflock/database/database.go:149.2,161.16 9 0
leaflock/database/database.go:161.16,163.3 1 0
leaflock/database/database.go:166.2,166.39 1 0
leaflock/database/database.go:166.39,168.3 1 0
leaflock/database/database.go:170.2,171.18 2 0
leaflock/database/database.go:175.76,179.21 2 0
leaflock/database/database.go:179.21,182.3 2 0
leaflock/database/database.go:184.2,189.16 4 0
leaflock/database/database.go:189.16,191.3 1 0
leaflock/database/database.go:192.2,192.15 1 0
leaflock/database/database.go:192.15,194.3 1 0
leaflock/database/database.go:197.2,197.56 1 0
leaflock/database/database.go:197.56,199.3 1 0
leaflock/database/database.go:202.2,202.80 1 0
leaflock/database/database.go:202.80,204.3 1 0
leaflock/database/database.go:207.2,207.39 1 0
leaflock/database/database.go:207.39,209.3 1 0
leaflock/database/database.go:211.2,212.12 2 0
leaflock/database/database.go:216.83,226.16 2 0
leaflock/database/database.go:226.16,229.3 2 0
leaflock/database/database.go:232.2,234.16 3 0
leaflock/database/database.go:234.16,235.36 1 0
leaflock/database/database.go:235.36,238.4 1 0
leaflock/database/database.go:239.3,240.18 2 0
leaflock/database/database.go:244.2,244.46 1 0
leaflock/database/database.go:244.46,246.3 1 0
leaflock/database/database.go:249.2,255.59 3 0
leaflock/database/database.go:255.59,258.3 1 0
leaflock/database/database.go:260.2,260.29 1 0
leaflock/database/database.go:264.83,267.2 2 0
leaflock/database/database.go:270.69,274.16 3 0
leaflock/database/database.go:274.16,276.3 1 0
leaflock/database/database.go:277.2,277.12 1 0
leaflock/database/database.go:281.61,286.51 3 0
leaflock/database/database.go:286.51,288.3 1 0
leaflock/database/database.go:290.2,291.12 2 0
leaflock/database/database.go:295.55,297.16 2 1
leaflock/database/database.go:297.16,299.3 1 0
leaflock/database/database.go:301.2,304.27 3 1
leaflock/database/database.go:308.46,309.31 1 1
leaflock/database/database.go:309.31,311.3 1 1
leaflock/database/database.go:312.2,312.18 1 1
leaflock/config/config.go:53.27,55.23 2 0
leaflock/config/config.go:55.23,57.3 1 0
leaflock/config/config.go:58.2,59.72 2 0
leaflock/config/config.go:59.72,61.3 1 0
leaflock/config/config.go:62.2,62.23 1 0
leaflock/config/config.go:62.23,64.3 1 0
leaflock/config/config.go:65.2,65.36 1 0
leaflock/config/config.go:65.36,66.24 1 0
leaflock/config/config.go:66.24,68.4 1 0
leaflock/config/config.go:69.3,69.20 1 0
leaflock/config/config.go:73.2,74.21 2 0
leaflock/config/config.go:74.21,76.3 1 0
leaflock/config/config.go:77.2,77.25 1 0
leaflock/config/config.go:77.25,79.3 1 0
leaflock/config/config.go:81.2,83.35 3 0
leaflock/config/config.go:83.35,84.78 1 0
leaflock/config/config.go:84.78,86.4 1 0
leaflock/config/config.go:89.2,90.18 2 0
leaflock/config/config.go:90.18,92.3 1 0
leaflock/config/config.go:93.2,93.22 1 0
leaflock/config/config.go:93.22,95.3 1 0
leaflock/config/config.go:97.2,98.35 2 0
leaflock/config/config.go:98.35,99.75 1 0
leaflock/config/config.go:99.75,101.4 1 0
leaflock/config/config.go:104.2,105.17 2 0
leaflock/config/config.go:105.17,107.54 1 0
leaflock/config/config.go:107.54,109.4 1 0
leaflock/config/config.go:109.9,112.4 1 0
leaflock/config/config.go:116.2,117.48 2 0
leaflock/config/config.go:117.48,119.30 1 0
leaflock/config/config.go:119.30,121.4 1 0
leaflock/config/config.go:122.3,124.43 3 0
leaflock/config/config.go:124.43,125.102 1 0
leaflock/config/config.go:125.102,127.5 1 0
leaflock/config/config.go:132.2,133.25 2 0
leaflock/config/config.go:133.25,134.29 1 0
leaflock/config/config.go:134.29,136.4 1 0
leaflock/config/config.go:137.3,139.43 3 0
leaflock/config/config.go:139.43,140.102 1 0
leaflock/config/config.go:140.102,142.5 1 0
leaflock/config/config.go:147.2,147.123 1 0
leaflock/config/config.go:147.123,149.3 1 0
leaflock/config/config.go:151.2,158.35 1 0
leaflock/config/config.go:158.35,162.36 2 0
leaflock/config/config.go:162.36,165.5 2 0
leaflock/config/config.go:168.4,170.27 2 0
leaflock/config/config.go:170.27,172.5 1 0
leaflock/config/config.go:174.4,175.18 2 0
leaflock/config/config.go:203.45,204.32 1 1
leaflock/config/config.go:205.18,206.16 1 1
leaflock/config/config.go:207.24,208.17 1 1
leaflock/config/config.go:209.25,210.16 1 1
leaflock/config/config.go:211.22,212.17 1 1
leaflock/config/config.go:213.36,214.17 1 1
leaflock/config/config.go:215.10,216.32 1 1
leaflock/config/config.go:220.45,221.15 1 1
leaflock/config/config.go:222.49,223.14 1 1
leaflock/config/config.go:224.10,225.15 1 1
leaflock/config/config.go:230.55,231.42 1 1
leaflock/config/config.go:231.42,233.3 1 1
leaflock/config/config.go:234.2,234.21 1 1
leaflock/config/config.go:238.55,239.61 1 1
leaflock/config/config.go:239.61,241.56 2 1
leaflock/config/config.go:241.56,243.4 1 1
leaflock/config/config.go:244.3,244.56 1 1
leaflock/config/config.go:244.56,246.4 1 1
leaflock/config/config.go:248.2,248.21 1 1
leaflock/config/config.go:252.70,253.61 1 1
leaflock/config/config.go:253.61,256.30 3 1
leaflock/config/config.go:256.30,257.57 1 1
leaflock/config/config.go:257.57,259.5 1 1
leaflock/config/config.go:261.3,261.16 1 1
leaflock/config/config.go:263.2,263.21 1 1
leaflock/config/config.go:267.52,268.61 1 1
leaflock/config/config.go:268.61,269.55 1 1
leaflock/config/config.go:269.55,271.4 1 1
leaflock/config/config.go:273.2,273.21 1 1
leaflock/config/config.go:277.47,279.19 2 1
leaflock/config/config.go:279.19,281.3 1 1
leaflock/config/config.go:282.2,282.39 1 1
leaflock/config/config.go:282.39,284.3 1 1
leaflock/config/config.go:285.2,286.16 2 1
leaflock/config/config.go:286.16,289.3 2 0
leaflock/config/config.go:290.2,290.18 1 1
leaflock/config/config.go:290.18,292.3 1 1
leaflock/config/config.go:293.2,293.16 1 0
leaflock/config/config.go:298.61,299.20 1 1
leaflock/config/config.go:299.20,301.3 1 1
leaflock/config/config.go:302.2,303.56 2 1
leaflock/config/config.go:303.56,305.3 1 1
leaflock/config/config.go:306.2,307.16 2 1
leaflock/config/config.go:307.16,309.3 1 0
leaflock/config/config.go:310.2,310.19 1 1
leaflock/config/config.go:310.19,311.50 1 1
leaflock/config/config.go:311.50,313.4 1 1
leaflock/config/config.go:315.2,315.17 1 1
leaflock/config/config.go:320.39,322.16 2 1
leaflock/config/config.go:322.16,324.3 1 1
leaflock/config/config.go:325.2,326.16 2 1
leaflock/config/config.go:326.16,328.3 1 1
leaflock/config/config.go:329.2,330.16 2 1
leaflock/config/config.go:330.16,332.3 1 1
leaflock/config/config.go:333.2,333.16 1 1
leaflock/config/config.go:333.16,335.3 1 1
leaflock/config/config.go:336.2,337.14 2 1
leaflock/config/config.go:337.14,339.3 1 1
leaflock/config/config.go:340.2,340.42 1 1
leaflock/config/config.go:340.42,342.3 1 1
leaflock/config/config.go:343.2,344.16 2 1
leaflock/config/config.go:344.16,346.3 1 1
leaflock/config/config.go:347.2,347.16 1 1
leaflock/config/config.go:347.16,349.3 1 1
leaflock/config/config.go:350.2,351.19 2 1
leaflock/config/config.go:351.19,353.3 1 1
leaflock/config/config.go:354.2,354.19 1 1
leaflock/config/config.go:354.19,356.3 1 1
leaflock/config/config.go:357.2,366.19 5 1
leaflock/auth/docs/docs.go:733.13,735.2 1 0
leaflock/metrics/metrics.go:136.43,137.34 1 0
leaflock/metrics/metrics.go:137.34,147.17 6 0
leaflock/metrics/metrics.go:147.17,149.4 1 0
leaflock/metrics/metrics.go:150.3,155.13 4 0
leaflock/metrics/metrics.go:160.35,162.2 1 1
leaflock/metrics/metrics.go:165.47,167.2 1 1
leaflock/metrics/metrics.go:170.44,172.2 1 1
leaflock/metrics/metrics.go:175.44,177.2 1 1
leaflock/metrics/metrics.go:180.46,183.2 2 1
leaflock/metrics/metrics.go:186.47,188.2 1 1
leaflock/metrics/metrics.go:191.40,193.2 1 1
leaflock/metrics/metrics.go:196.48,198.2 1 1
leaflock/metrics/metrics.go:201.50,203.2 1 1
leaflock/metrics/metrics.go:206.75,209.25 3 1
leaflock/metrics/metrics.go:209.25,211.3 1 1
leaflock/cmd/entrypoint/main.go:11.13,12.29 1 0
leaflock/cmd/entrypoint/main.go:12.29,15.3 1 0
leaflock/cmd/entrypoint/main.go:18.2,18.54 1 0
leaflock/cmd/entrypoint/main.go:18.54,19.63 1 0
leaflock/cmd/entrypoint/main.go:19.63,22.4 2 0
leaflock/cmd/entrypoint/main.go:25.2,26.18 2 0
leaflock/cmd/entrypoint/main.go:26.18,28.3 1 0
leaflock/cmd/entrypoint/main.go:29.2,29.77 1 0
leaflock/cmd/entrypoint/main.go:29.77,31.3 1 0
leaflock/middleware/rate_limit.go:32.61,40.43 2 1
leaflock/middleware/rate_limit.go:40.43,42.4 1 1
leaflock/middleware/rate_limit.go:44.42,48.4 1 1
leaflock/middleware/rate_limit.go:51.2,54.43 1 1
leaflock/middleware/rate_limit.go:54.43,56.4 1 1
leaflock/middleware/rate_limit.go:58.42,62.4 1 1
leaflock/middleware/rate_limit.go:65.2,68.43 1 1
leaflock/middleware/rate_limit.go:68.43,70.4 1 0
leaflock/middleware/rate_limit.go:72.42,76.4 1 0
leaflock/middleware/rate_limit.go:79.2,82.43 1 1
leaflock/middleware/rate_limit.go:82.43,84.4 1 0
leaflock/middleware/rate_limit.go:86.42,90.4 1 0
leaflock/middleware/rate_limit.go:94.2,97.43 1 1
leaflock/middleware/rate_limit.go:97.43,99.4 1 1
leaflock/middleware/rate_limit.go:101.42,105.4 1 1
leaflock/middleware/rate_limit.go:108.2,111.43 1 1
leaflock/middleware/rate_limit.go:111.43,113.4 1 0
leaflock/middleware/rate_limit.go:115.42,119.4 1 0
leaflock/middleware/rate_limit.go:123.2,126.43 1 1
leaflock/middleware/rate_limit.go:126.43,128.4 1 1
leaflock/middleware/rate_limit.go:130.42,134.4 1 1
leaflock/middleware/rate_limit.go:137.2,140.43 1 1
leaflock/middleware/rate_limit.go:140.43,142.4 1 0
leaflock/middleware/rate_limit.go:144.42,148.4 1 0
leaflock/middleware/rate_limit.go:151.2,154.43 1 1
leaflock/middleware/rate_limit.go:154.43,156.4 1 0
leaflock/middleware/rate_limit.go:158.42,162.4 1 0
leaflock/middleware/rate_limit.go:165.2,168.43 1 1
leaflock/middleware/rate_limit.go:168.43,170.4 1 0
leaflock/middleware/rate_limit.go:172.42,176.4 1 0
leaflock/middleware/rate_limit.go:180.2,183.43 1 1
leaflock/middleware/rate_limit.go:183.43,185.4 1 1
leaflock/middleware/rate_limit.go:187.42,191.4 1 1
leaflock/middleware/rate_limit.go:194.2,197.43 1 1
leaflock/middleware/rate_limit.go:197.43,199.4 1 0
leaflock/middleware/rate_limit.go:201.42,205.4 1 0
leaflock/middleware/rate_limit.go:209.2,212.43 1 1
leaflock/middleware/rate_limit.go:212.43,214.4 1 0
leaflock/middleware/rate_limit.go:216.42,220.4 1 0
leaflock/middleware/rate_limit.go:223.2,237.3 1 1
leaflock/middleware/share_link.go:18.114,21.34 2 1
leaflock/middleware/share_link.go:21.34,23.18 2 1
leaflock/middleware/share_link.go:23.18,27.4 1 1
leaflock/middleware/share_link.go:29.3,33.17 3 1
leaflock/middleware/share_link.go:33.17,35.4 1 0
leaflock/middleware/share_link.go:38.3,46.24 8 1
leaflock/middleware/share_link.go:46.24,50.38 3 1
leaflock/middleware/share_link.go:50.38,52.5 1 0
leaflock/middleware/share_link.go:53.4,53.30 1 1
leaflock/middleware/share_link.go:53.30,55.5 1 0
leaflock/middleware/share_link.go:56.4,64.18 3 1
leaflock/middleware/share_link.go:64.18,68.5 1 0
leaflock/middleware/share_link.go:69.9,77.18 2 1
leaflock/middleware/share_link.go:77.18,81.5 1 0
leaflock/middleware/share_link.go:84.4,90.24 2 1
leaflock/middleware/share_link.go:90.24,92.5 1 1
leaflock/middleware/share_link.go:93.4,93.22 1 1
leaflock/middleware/share_link.go:93.22,95.5 1 1
leaflock/middleware/share_link.go:97.4,97.62 1 1
leaflock/middleware/share_link.go:101.3,101.16 1 1
leaflock/middleware/share_link.go:101.16,105.4 1 1
leaflock/middleware/share_link.go:108.3,108.55 1 1
leaflock/middleware/share_link.go:108.55,112.4 1 1
leaflock/middleware/share_link.go:115.3,115.45 1 1
leaflock/middleware/share_link.go:115.45,119.4 1 1
leaflock/middleware/share_link.go:122.3,122.26 1 1
leaflock/middleware/share_link.go:122.26,125.28 2 1
leaflock/middleware/share_link.go:125.28,129.47 2 1
leaflock/middleware/share_link.go:129.47,131.6 1 1
leaflock/middleware/share_link.go:133.4,133.22 1 1
leaflock/middleware/share_link.go:133.22,135.5 1 1
leaflock/middleware/share_link.go:137.4,137.22 1 1
leaflock/middleware/share_link.go:137.22,142.5 1 1
leaflock/middleware/share_link.go:145.4,145.58 1 1
leaflock/middleware/share_link.go:145.58,149.5 1 0
leaflock/middleware/share_link.go:153.3,161.17 2 1
leaflock/middleware/share_link.go:161.17,163.4 1 0
leaflock/middleware/share_link.go:166.3,166.23 1 1
leaflock/middleware/share_link.go:166.23,168.4 1 1
leaflock/middleware/share_link.go:171.3,176.18 5 1
leaflock/middleware/share_link.go:181.70,184.16 3 1
leaflock/middleware/share_link.go:184.16,186.3 1 0
leaflock/middleware/share_link.go:187.2,187.18 1 1
leaflock/docs/docs.go:2844.13,2846.2 1 0
leaflock/docs/swagger/docs.go:368.13,370.2 1 0
leaflock/server/adapter.go:19.66,25.2 1 1
leaflock/server/adapter.go:29.52,31.2 1 1
leaflock/server/adapter.go:35.63,37.36 1 1
leaflock/server/adapter.go:37.36,38.32 1 1
leaflock/server/adapter.go:38.32,40.4 1 1
leaflock/server/adapter.go:44.2,44.21 1 1
leaflock/server/adapter.go:44.21,46.3 1 1
leaflock/server/adapter.go:48.2,48.26 1 1
leaflock/server/adapter.go:53.59,55.2 1 1
leaflock/server/app.go:17.77,33.53 1 1
leaflock/server/app.go:33.53,37.39 3 0
leaflock/server/app.go:37.39,40.5 2 0
leaflock/server/app.go:40.10,40.25 1 0
leaflock/server/app.go:40.25,43.5 1 0
leaflock/server/app.go:43.10,50.5 1 0
leaflock/server/app.go:52.4,52.59 1 0
leaflock/server/app.go:57.2,59.56 1 1
leaflock/server/app.go:59.56,66.4 1 0
leaflock/server/app.go:70.2,70.35 1 1
leaflock/server/app.go:70.35,75.3 4 1
leaflock/server/app.go:78.2,86.33 2 1
leaflock/server/app.go:86.33,89.4 1 1
leaflock/server/app.go:93.2,96.51 2 1
leaflock/server/app.go:96.51,102.3 1 1
leaflock/server/app.go:105.2,105.52 1 1
leaflock/server/app.go:105.52,115.32 4 1
leaflock/server/app.go:115.32,118.106 2 0
leaflock/server/app.go:118.106,122.5 3 0
leaflock/server/app.go:125.4,125.64 1 0
leaflock/server/app.go:125.64,129.5 3 0
leaflock/server/app.go:131.4,132.25 2 0
leaflock/server/app.go:133.9,141.4 6 1
leaflock/server/app.go:144.2,144.12 1 1
leaflock/server/health.go:30.111,37.2 1 1
leaflock/server/health.go:40.39,42.2 1 1
leaflock/server/health.go:45.43,47.2 1 1
leaflock/server/health.go:50.43,52.2 1 1
leaflock/server/health.go:55.39,57.2 1 1
leaflock/server/health.go:60.42,65.2 1 1
leaflock/server/health.go:68.44,70.2 1 1
leaflock/server/health.go:73.47,75.2 1 1
leaflock/server/health.go:78.49,80.2 1 1
leaflock/server/health.go:83.48,85.2 1 1
leaflock/server/health.go:88.42,90.2 1 1
leaflock/server/health.go:93.46,95.2 1 1
leaflock/server/health.go:98.46,100.2 1 1
leaflock/server/health.go:103.42,105.2 1 1
leaflock/server/listener.go:16.88,22.67 4 1
leaflock/server/listener.go:22.67,23.25 1 1
leaflock/server/listener.go:23.25,25.5 1 0
leaflock/server/listener.go:27.4,28.48 2 1
leaflock/server/listener.go:28.48,30.5 1 1
leaflock/server/listener.go:30.26,32.5 1 0
leaflock/server/listener.go:33.4,33.18 1 1
leaflock/server/listener.go:37.2,38.16 2 1
leaflock/server/listener.go:38.16,42.3 3 1
leaflock/server/listener.go:44.2,52.16 7 0
leaflock/server/listener.go:52.16,56.3 3 0
leaflock/server/listener.go:58.2,59.26 2 0
leaflock/services/allowlist.go:16.13,18.2 1 1
leaflock/services/allowlist.go:21.45,23.14 2 1
leaflock/services/allowlist.go:23.14,25.3 1 0
leaflock/services/allowlist.go:26.2,26.32 1 1
leaflock/services/allowlist.go:30.49,31.64 1 1
leaflock/services/allowlist.go:31.64,33.3 1 1
leaflock/services/allowlist.go:35.2,36.30 2 1
leaflock/services/allowlist.go:36.30,37.56 1 1
leaflock/services/allowlist.go:37.56,39.4 1 1
leaflock/services/allowlist.go:41.2,41.14 1 1
leaflock/services/allowlist.go:45.94,49.19 3 1
leaflock/services/allowlist.go:49.19,53.49 4 1
leaflock/services/allowlist.go:53.49,55.15 2 1
leaflock/services/allowlist.go:55.15,57.5 1 1
leaflock/services/allowlist.go:61.2,61.20 1 1
leaflock/services/allowlist.go:61.20,62.46 1 1
leaflock/services/allowlist.go:62.46,63.17 1 1
leaflock/services/allowlist.go:63.17,65.5 1 1
leaflock/services/allowlist.go:66.4,67.23 2 1
leaflock/services/allowlist.go:67.23,69.51 2 1
leaflock/services/allowlist.go:69.51,70.14 1 1
leaflock/services/allowlist.go:72.5,72.51 1 1
leaflock/services/allowlist.go:72.51,79.48 6 1
leaflock/services/allowlist.go:79.48,81.18 2 1
leaflock/services/allowlist.go:81.18,83.8 1 1
leaflock/services/allowlist.go:89.2,89.24 1 1
leaflock/services/allowlist.go:93.37,98.12 4 0
leaflock/services/allowlist.go:98.12,102.22 4 0
leaflock/services/allowlist.go:102.22,104.22 2 0
leaflock/services/allowlist.go:104.22,108.5 3 0
leaflock/services/cleanup.go:12.48,13.12 1 1
leaflock/services/cleanup.go:13.12,21.22 5 1
leaflock/services/cleanup.go:21.22,23.4 1 0
leaflock/services/cleanup.go:28.65,39.16 3 1
leaflock/services/cleanup.go:39.16,41.3 1 1
leaflock/services/cleanup.go:41.8,41.38 1 1
leaflock/services/cleanup.go:41.38,43.3 1 1
leaflock/services/cleanup.go:46.2,47.17 2 1
leaflock/services/cleanup.go:47.17,49.3 1 1
leaflock/services/cleanup.go:49.8,51.3 1 1
leaflock/services/cleanup.go:54.2,57.22 3 1
leaflock/services/cleanup.go:57.22,59.3 1 1
leaflock/services/cleanup.go:61.2,61.58 1 1
leaflock/services/email_service.go:24.56,28.2 1 1
leaflock/services/email_service.go:42.101,43.27 1 1
leaflock/services/email_service.go:43.27,47.3 3 1
leaflock/services/email_service.go:49.2,58.27 8 0
leaflock/services/email_service.go:58.27,63.3 1 0
leaflock/services/email_service.go:63.8,67.3 1 0
leaflock/services/email_service.go:70.2,71.25 2 0
leaflock/services/email_service.go:71.25,72.12 1 0
leaflock/services/email_service.go:72.12,74.4 1 0
leaflock/services/email_service.go:76.3,77.26 2 0
leaflock/services/email_service.go:77.26,81.4 3 0
leaflock/services/email_service.go:81.9,84.4 2 0
leaflock/services/email_service.go:86.3,86.17 1 0
leaflock/services/email_service.go:86.17,89.4 2 0
leaflock/services/email_service.go:90.3,91.67 2 0
leaflock/services/email_service.go:94.2,95.56 2 0
leaflock/services/email_service.go:99.96,101.24 1 1
leaflock/services/email_service.go:101.24,103.3 1 1
leaflock/services/email_service.go:104.2,104.23 1 1
leaflock/services/email_service.go:104.23,106.3 1 1
leaflock/services/email_service.go:107.2,107.20 1 1
leaflock/services/email_service.go:107.20,109.3 1 1
leaflock/services/email_service.go:112.2,114.16 3 1
leaflock/services/email_service.go:114.16,116.3 1 1
leaflock/services/email_service.go:119.2,120.60 2 0
leaflock/services/email_service.go:120.60,122.3 1 0
leaflock/services/email_service.go:125.2,127.69 2 0
leaflock/services/email_service.go:131.40,144.28 10 1
leaflock/services/email_service.go:144.28,145.18 1 1
leaflock/services/email_service.go:145.18,147.4 1 1
leaflock/services/email_service.go:147.9,147.25 1 1
leaflock/services/email_service.go:147.25,149.4 1 1
leaflock/services/email_service.go:149.9,149.20 1 1
leaflock/services/email_service.go:149.20,151.4 1 1
leaflock/services/email_service.go:155.2,158.16 3 1
leaflock/services/email_service.go:162.80,172.2 2 1
leaflock/services/email_service.go:175.106,188.2 3 1
leaflock/services/email_service.go:191.89,200.2 2 1
leaflock/services/share_links.go:30.63,32.2 1 1
leaflock/services/share_links.go:35.38,38.44 2 1
leaflock/services/share_links.go:38.44,40.3 1 0
leaflock/services/share_links.go:43.2,44.19 2 1
leaflock/services/share_links.go:48.105,53.16 3 1
leaflock/services/share_links.go:53.16,55.3 1 0
leaflock/services/share_links.go:58.2,59.30 2 1
leaflock/services/share_links.go:59.30,61.15 2 1
leaflock/services/share_links.go:61.15,63.4 1 0
leaflock/services/share_links.go:64.8,67.3 1 1
leaflock/services/share_links.go:70.2,70.65 1 1
leaflock/services/share_links.go:70.65,72.3 1 0
leaflock/services/share_links.go:74.2,74.12 1 1
leaflock/services/share_links.go:78.101,83.22 3 1
leaflock/services/share_links.go:83.22,85.3 1 1
leaflock/services/share_links.go:85.8,85.23 1 1
leaflock/services/share_links.go:85.23,87.3 1 0
leaflock/services/share_links.go:90.2,91.64 2 1
leaflock/services/share_links.go:91.64,93.3 1 0
leaflock/services/share_links.go:96.2,96.66 1 1
leaflock/services/share_links.go:96.66,100.3 2 0
leaflock/services/share_links.go:102.2,102.19 1 1
leaflock/services/share_links.go:106.89,109.50 2 1
leaflock/services/share_links.go:109.50,111.3 1 0
leaflock/services/share_links.go:113.2,113.12 1 1
leaflock/services/share_links.go:117.87,120.16 2 1
leaflock/services/share_links.go:120.16,122.3 1 0
leaflock/services/share_links.go:123.2,123.17 1 1
leaflock/services/share_links.go:123.17,125.3 1 0
leaflock/services/share_links.go:128.2,131.44 2 1
leaflock/services/share_links.go:135.95,141.6 4 1
leaflock/services/share_links.go:141.6,145.17 4 1
leaflock/services/share_links.go:145.17,147.4 1 0
leaflock/services/share_links.go:150.3,150.32 1 1
leaflock/services/share_links.go:150.32,152.18 2 1
leaflock/services/share_links.go:152.18,153.13 1 0
leaflock/services/share_links.go:156.4,157.66 2 1
leaflock/services/share_links.go:157.66,158.13 1 0
leaflock/services/share_links.go:161.4,161.29 1 1
leaflock/services/share_links.go:161.29,163.5 1 1
leaflock/services/share_links.go:166.3,166.18 1 1
leaflock/services/share_links.go:166.18,167.9 1 1
leaflock/services/share_links.go:172.2,172.19 1 1
leaflock/services/share_links.go:172.19,173.55 1 1
leaflock/services/share_links.go:173.55,175.4 1 0
leaflock/services/share_links.go:178.2,178.12 1 1
leaflock/services/share_links.go:182.80,187.16 3 1
leaflock/services/share_links.go:187.16,189.3 1 0
leaflock/services/share_links.go:190.2,190.17 1 1
leaflock/services/share_links.go:190.17,192.3 1 0
leaflock/services/share_links.go:195.2,195.29 1 1
leaflock/services/share_links.go:195.29,197.59 2 1
leaflock/services/share_links.go:197.59,199.4 1 0
leaflock/services/share_links.go:202.2,202.12 1 1
leaflock/services/templates.go:339.88,345.16 4 1
leaflock/services/templates.go:345.16,347.3 1 1
leaflock/services/templates.go:349.2,349.15 1 1
leaflock/services/templates.go:349.15,352.3 2 1
leaflock/services/templates.go:354.2,356.44 2 1
leaflock/services/templates.go:356.44,359.17 2 1
leaflock/services/templates.go:359.17,361.4 1 0
leaflock/services/templates.go:363.3,364.17 2 1
leaflock/services/templates.go:364.17,366.4 1 0
leaflock/services/templates.go:368.3,369.17 2 1
leaflock/services/templates.go:369.17,371.4 1 0
leaflock/services/templates.go:374.3,381.17 3 1
leaflock/services/templates.go:381.17,383.4 1 1
leaflock/services/templates.go:385.3,385.64 1 1
leaflock/services/templates.go:388.2,389.12 2 1
leaflock/crypto/crypto.go:24.50,26.2 1 1
leaflock/crypto/crypto.go:30.67,32.16 2 1
leaflock/crypto/crypto.go:32.16,34.3 1 0
leaflock/crypto/crypto.go:36.2,37.44 2 1
leaflock/crypto/crypto.go:37.44,39.3 1 0
leaflock/crypto/crypto.go:41.2,42.42 2 1
leaflock/crypto/crypto.go:47.68,49.16 2 1
leaflock/crypto/crypto.go:49.16,51.3 1 0
leaflock/crypto/crypto.go:53.2,53.40 1 1
leaflock/crypto/crypto.go:53.40,55.3 1 1
leaflock/crypto/crypto.go:57.2,60.47 3 1
leaflock/crypto/crypto.go:66.96,74.16 7 1
leaflock/crypto/crypto.go:74.16,76.3 1 0
leaflock/crypto/crypto.go:78.2,83.51 5 1
leaflock/crypto/crypto.go:88.123,96.16 7 1
leaflock/crypto/crypto.go:96.16,98.3 1 0
leaflock/crypto/crypto.go:100.2,105.47 5 1
leaflock/crypto/crypto.go:110.100,117.16 6 1
leaflock/crypto/crypto.go:117.16,119.3 1 0
leaflock/crypto/crypto.go:120.2,121.44 2 1
leaflock/crypto/crypto.go:121.44,123.3 1 0
leaflock/crypto/crypto.go:124.2,125.42 2 1
leaflock/crypto/crypto.go:130.101,137.16 6 1
leaflock/crypto/crypto.go:137.16,139.3 1 0
leaflock/crypto/crypto.go:140.2,140.40 1 1
leaflock/crypto/crypto.go:140.40,142.3 1 0
leaflock/crypto/crypto.go:143.2,145.47 3 1
leaflock/crypto/crypto.go:150.98,152.16 2 1
leaflock/crypto/crypto.go:152.16,154.3 1 0
leaflock/crypto/crypto.go:155.2,156.44 2 1
leaflock/crypto/crypto.go:156.44,158.3 1 0
leaflock/crypto/crypto.go:159.2,160.42 2 1
leaflock/crypto/crypto.go:165.99,167.16 2 1
leaflock/crypto/crypto.go:167.16,169.3 1 0
leaflock/crypto/crypto.go:170.2,170.40 1 1
leaflock/crypto/crypto.go:170.40,172.3 1 0
leaflock/crypto/crypto.go:173.2,175.47 3 1
leaflock/crypto/crypto.go:180.56,184.2 3 1
leaflock/crypto/crypto.go:188.72,190.2 1 0
leaflock/crypto/crypto.go:194.73,196.2 1 0
leaflock/crypto/password.go:22.56,28.2 4 1
leaflock/crypto/password.go:34.56,36.21 2 1
leaflock/crypto/password.go:36.21,38.3 1 1
leaflock/crypto/password.go:40.2,44.62 4 1
leaflock/utils/helpers.go:19.39,20.13 1 1
leaflock/utils/helpers.go:20.13,22.3 1 1
leaflock/utils/helpers.go:23.2,23.12 1 1
leaflock/utils/helpers.go:27.24,28.11 1 1
leaflock/utils/helpers.go:28.11,30.3 1 1
leaflock/utils/helpers.go:31.2,31.10 1 1
leaflock/utils/helpers.go:35.24,36.11 1 1
leaflock/utils/helpers.go:36.11,38.3 1 1
leaflock/utils/helpers.go:39.2,39.10 1 1
leaflock/utils/helpers.go:43.33,45.39 1 1
leaflock/utils/helpers.go:45.39,48.3 2 1
leaflock/utils/helpers.go:49.2,49.10 1 1
leaflock/utils/helpers.go:53.44,54.13 1 1
leaflock/utils/helpers.go:54.13,56.3 1 1
leaflock/utils/helpers.go:57.2,57.11 1 1
leaflock/utils/helpers.go:61.57,62.58 1 1
leaflock/utils/helpers.go:62.58,64.3 1 1
leaflock/utils/helpers.go:65.2,65.11 1 1
leaflock/utils/helpers.go:69.58,70.59 1 1
leaflock/utils/helpers.go:70.59,72.3 1 1
leaflock/utils/helpers.go:73.2,73.11 1 1
leaflock/utils/logging.go:46.20,48.16 2 1
leaflock/utils/logging.go:48.16,50.3 1 0
leaflock/utils/logging.go:51.2,62.21 9 1
leaflock/utils/logging.go:66.67,67.16 1 1
leaflock/utils/logging.go:67.16,72.3 4 1
leaflock/utils/logging.go:76.55,81.2 4 1
leaflock/utils/logging.go:84.55,89.2 4 1
leaflock/utils/logging.go:92.56,97.2 4 1
leaflock/utils/logging.go:100.88,101.16 1 1
leaflock/utils/logging.go:101.16,117.3 6 1
leaflock/utils/logging.go:121.35,122.50 1 1
leaflock/utils/logging.go:122.50,124.3 1 1
leaflock/utils/logging.go:125.2,125.15 1 0
leaflock/utils/logging.go:129.37,131.2 1 1
leaflock/utils/logging.go:134.26,135.88 1 1
leaflock/utils/logging.go:135.88,137.3 1 1
leaflock/utils/logging.go:138.2,138.15 1 1
leaflock/utils/logging.go:142.50,144.17 2 1
leaflock/utils/logging.go:144.17,146.3 1 1
leaflock/utils/logging.go:147.2,147.17 1 1
leaflock/utils/logging.go:147.17,149.3 1 1
leaflock/utils/logging.go:150.2,150.43 1 1
leaflock/utils/logging.go:150.43,152.3 1 1
leaflock/utils/logging.go:153.2,153.43 1 1
leaflock/utils/logging.go:157.51,158.32 1 1
leaflock/utils/logging.go:159.24,160.26 1 1
leaflock/utils/logging.go:161.29,162.25 1 0
leaflock/utils/logging.go:163.25,164.25 1 0
leaflock/utils/logging.go:165.22,166.26 1 0
leaflock/utils/logging.go:167.36,168.26 1 0
leaflock/utils/logging.go:169.10,170.26 1 1
leaflock/utils/logging.go:175.44,177.9 2 1
leaflock/utils/logging.go:178.71,179.20 1 1
leaflock/utils/logging.go:180.105,181.20 1 1
leaflock/utils/logging.go:182.108,183.19 1 1
leaflock/utils/logging.go:184.40,185.20 1 1
leaflock/utils/logging.go:186.10,187.19 1 1
leaflock/utils/logging.go:197.62,199.2 1 1
leaflock/utils/logging.go:201.52,202.25 1 1
leaflock/utils/logging.go:202.25,204.3 1 1
leaflock/utils/logging.go:205.2,205.23 1 0
leaflock/utils/logging.go:214.54,216.23 2 1
leaflock/utils/logging.go:216.23,218.3 1 0
leaflock/utils/logging.go:219.2,219.24 1 1
leaflock/utils/logging.go:219.24,221.3 1 1
leaflock/utils/logging.go:222.2,222.27 1 1
leaflock/utils/network.go:16.13,26.30 2 1
leaflock/utils/network.go:26.30,27.55 1 1
leaflock/utils/network.go:27.55,29.4 1 1
leaflock/utils/network.go:34.36,35.31 1 1
leaflock/utils/network.go:35.31,37.3 1 1
leaflock/utils/network.go:38.2,38.66 1 1
leaflock/utils/network.go:38.66,39.39 1 1
leaflock/utils/network.go:39.39,41.4 1 1
leaflock/utils/network.go:43.2,43.60 1 1
leaflock/utils/network.go:43.60,45.54 2 1
leaflock/utils/network.go:45.54,47.52 2 1
leaflock/utils/network.go:47.52,48.13 1 0
leaflock/utils/network.go:50.4,51.21 2 1
leaflock/utils/network.go:51.21,52.13 1 0
leaflock/utils/network.go:54.4,54.26 1 1
leaflock/utils/network.go:54.26,56.5 1 1
leaflock/utils/network.go:57.4,57.22 1 1
leaflock/utils/network.go:57.22,59.5 1 1
leaflock/utils/network.go:61.3,61.21 1 1
leaflock/utils/network.go:61.21,63.4 1 1
leaflock/utils/network.go:65.2,65.67 1 0
leaflock/utils/network.go:65.67,66.43 1 0
leaflock/utils/network.go:66.43,68.4 1 0
leaflock/utils/network.go:70.2,70.85 1 0
leaflock/utils/network.go:70.85,71.51 1 0
leaflock/utils/network.go:71.51,73.4 1 0
leaflock/utils/network.go:75.2,75.15 1 0
leaflock/utils/network.go:79.33,80.56 1 1
leaflock/utils/network.go:80.56,82.3 1 1
leaflock/utils/network.go:83.2,83.40 1 1
leaflock/utils/network.go:83.40,84.25 1 1
leaflock/utils/network.go:84.25,86.4 1 1
leaflock/utils/network.go:88.2,88.13 1 1
leaflock/utils/validation.go:4.41,5.40 1 1
leaflock/utils/validation.go:5.40,7.3 1 1
leaflock/utils/validation.go:8.2,8.25 1 1
leaflock/utils/validation.go:8.25,10.75 2 1
leaflock/utils/validation.go:10.75,12.4 1 1
leaflock/utils/validation.go:14.2,14.13 1 1
leaflock/metrics/metrics.go:136.43,137.34 1 0
leaflock/metrics/metrics.go:137.34,147.17 6 0
leaflock/metrics/metrics.go:147.17,149.4 1 0
leaflock/metrics/metrics.go:150.3,155.13 4 0
leaflock/metrics/metrics.go:160.35,162.2 1 1
leaflock/metrics/metrics.go:165.47,167.2 1 1
leaflock/metrics/metrics.go:170.44,172.2 1 1
leaflock/metrics/metrics.go:175.44,177.2 1 1
leaflock/metrics/metrics.go:180.46,183.2 2 1
leaflock/metrics/metrics.go:186.47,188.2 1 1
leaflock/metrics/metrics.go:191.40,193.2 1 1
leaflock/metrics/metrics.go:196.48,198.2 1 1
leaflock/metrics/metrics.go:201.50,203.2 1 1
leaflock/metrics/metrics.go:206.75,209.25 3 1
leaflock/metrics/metrics.go:209.25,211.3 1 1
leaflock/middleware/rate_limit.go:32.61,40.43 2 1
leaflock/middleware/rate_limit.go:40.43,42.4 1 1
leaflock/middleware/rate_limit.go:44.42,48.4 1 1
leaflock/middleware/rate_limit.go:51.2,54.43 1 1
leaflock/middleware/rate_limit.go:54.43,56.4 1 1
leaflock/middleware/rate_limit.go:58.42,62.4 1 1
leaflock/middleware/rate_limit.go:65.2,68.43 1 1
leaflock/middleware/rate_limit.go:68.43,70.4 1 0
leaflock/middleware/rate_limit.go:72.42,76.4 1 0
leaflock/middleware/rate_limit.go:79.2,82.43 1 1
leaflock/middleware/rate_limit.go:82.43,84.4 1 0
leaflock/middleware/rate_limit.go:86.42,90.4 1 0
leaflock/middleware/rate_limit.go:94.2,97.43 1 1
leaflock/middleware/rate_limit.go:97.43,99.4 1 1
leaflock/middleware/rate_limit.go:101.42,105.4 1 1
leaflock/middleware/rate_limit.go:108.2,111.43 1 1
leaflock/middleware/rate_limit.go:111.43,113.4 1 0
leaflock/middleware/rate_limit.go:115.42,119.4 1 0
leaflock/middleware/rate_limit.go:123.2,126.43 1 1
leaflock/middleware/rate_limit.go:126.43,128.4 1 1
leaflock/middleware/rate_limit.go:130.42,134.4 1 1
leaflock/middleware/rate_limit.go:137.2,140.43 1 1
leaflock/middleware/rate_limit.go:140.43,142.4 1 0
leaflock/middleware/rate_limit.go:144.42,148.4 1 0
leaflock/middleware/rate_limit.go:151.2,154.43 1 1
leaflock/middleware/rate_limit.go:154.43,156.4 1 0
leaflock/middleware/rate_limit.go:158.42,162.4 1 0
leaflock/middleware/rate_limit.go:165.2,168.43 1 1
leaflock/middleware/rate_limit.go:168.43,170.4 1 0
leaflock/middleware/rate_limit.go:172.42,176.4 1 0
leaflock/middleware/rate_limit.go:180.2,183.43 1 1
leaflock/middleware/rate_limit.go:183.43,185.4 1 1
leaflock/middleware/rate_limit.go:187.42,191.4 1 1
leaflock/middleware/rate_limit.go:194.2,197.43 1 1
leaflock/middleware/rate_limit.go:197.43,199.4 1 0
leaflock/middleware/rate_limit.go:201.42,205.4 1 0
leaflock/middleware/rate_limit.go:209.2,212.43 1 1
leaflock/middleware/rate_limit.go:212.43,214.4 1 0
leaflock/middleware/rate_limit.go:216.42,220.4 1 0
leaflock/middleware/rate_limit.go:223.2,237.3 1 1
leaflock/middleware/share_link.go:18.114,21.34 2 1
leaflock/middleware/share_link.go:21.34,23.18 2 1
leaflock/middleware/share_link.go:23.18,27.4 1 1
leaflock/middleware/share_link.go:29.3,33.17 3 1
leaflock/middleware/share_link.go:33.17,35.4 1 0
leaflock/middleware/share_link.go:38.3,46.24 8 1
leaflock/middleware/share_link.go:46.24,50.38 3 1
leaflock/middleware/share_link.go:50.38,52.5 1 0
leaflock/middleware/share_link.go:53.4,53.30 1 1
leaflock/middleware/share_link.go:53.30,55.5 1 0
leaflock/middleware/share_link.go:56.4,64.18 3 1
leaflock/middleware/share_link.go:64.18,68.5 1 0
leaflock/middleware/share_link.go:69.9,77.18 2 1
leaflock/middleware/share_link.go:77.18,81.5 1 0
leaflock/middleware/share_link.go:84.4,90.24 2 1
leaflock/middleware/share_link.go:90.24,92.5 1 1
leaflock/middleware/share_link.go:93.4,93.22 1 1
leaflock/middleware/share_link.go:93.22,95.5 1 1
leaflock/middleware/share_link.go:97.4,97.62 1 1
leaflock/middleware/share_link.go:101.3,101.16 1 1
leaflock/middleware/share_link.go:101.16,105.4 1 1
leaflock/middleware/share_link.go:108.3,108.55 1 1
leaflock/middleware/share_link.go:108.55,112.4 1 1
leaflock/middleware/share_link.go:115.3,115.45 1 1
leaflock/middleware/share_link.go:115.45,119.4 1 1
leaflock/middleware/share_link.go:122.3,122.26 1 1
leaflock/middleware/share_link.go:122.26,125.28 2 1
leaflock/middleware/share_link.go:125.28,129.47 2 1
leaflock/middleware/share_link.go:129.47,131.6 1 1
leaflock/middleware/share_link.go:133.4,133.22 1 1
leaflock/middleware/share_link.go:133.22,135.5 1 1
leaflock/middleware/share_link.go:137.4,137.22 1 1
leaflock/middleware/share_link.go:137.22,142.5 1 1
leaflock/middleware/share_link.go:145.4,145.58 1 1
leaflock/middleware/share_link.go:145.58,149.5 1 0
leaflock/middleware/share_link.go:153.3,161.17 2 1
leaflock/middleware/share_link.go:161.17,163.4 1 0
leaflock/middleware/share_link.go:166.3,166.23 1 1
leaflock/middleware/share_link.go:166.23,168.4 1 1
leaflock/middleware/share_link.go:171.3,176.18 5 1
leaflock/middleware/share_link.go:181.70,184.16 3 1
leaflock/middleware/share_link.go:184.16,186.3 1 0
leaflock/middleware/share_link.go:187.2,187.18 1 1
leaflock/server/adapter.go:19.66,25.2 1 1
leaflock/server/adapter.go:29.52,31.2 1 1
leaflock/server/adapter.go:35.63,37.36 1 1
leaflock/server/adapter.go:37.36,38.32 1 1
leaflock/server/adapter.go:38.32,40.4 1 1
leaflock/server/adapter.go:44.2,44.21 1 1
leaflock/server/adapter.go:44.21,46.3 1 1
leaflock/server/adapter.go:48.2,48.26 1 1
leaflock/server/adapter.go:53.59,55.2 1 1
leaflock/server/app.go:17.77,33.53 1 1
leaflock/server/app.go:33.53,37.39 3 0
leaflock/server/app.go:37.39,40.5 2 0
leaflock/server/app.go:40.10,40.25 1 0
leaflock/server/app.go:40.25,43.5 1 0
leaflock/server/app.go:43.10,50.5 1 0
leaflock/server/app.go:52.4,52.59 1 0
leaflock/server/app.go:57.2,59.56 1 1
leaflock/server/app.go:59.56,66.4 1 0
leaflock/server/app.go:70.2,70.35 1 1
leaflock/server/app.go:70.35,75.3 4 1
leaflock/server/app.go:78.2,86.33 2 1
leaflock/server/app.go:86.33,89.4 1 1
leaflock/server/app.go:93.2,96.51 2 1
leaflock/server/app.go:96.51,102.3 1 1
leaflock/server/app.go:105.2,105.52 1 1
leaflock/server/app.go:105.52,115.32 4 1
leaflock/server/app.go:115.32,118.106 2 0
leaflock/server/app.go:118.106,122.5 3 0
leaflock/server/app.go:125.4,125.64 1 0
leaflock/server/app.go:125.64,129.5 3 0
leaflock/server/app.go:131.4,132.25 2 0
leaflock/server/app.go:133.9,141.4 6 1
leaflock/server/app.go:144.2,144.12 1 1
leaflock/server/health.go:30.111,37.2 1 1
leaflock/server/health.go:40.39,42.2 1 1
leaflock/server/health.go:45.43,47.2 1 1
leaflock/server/health.go:50.43,52.2 1 1
leaflock/server/health.go:55.39,57.2 1 1
leaflock/server/health.go:60.42,65.2 1 1
leaflock/server/health.go:68.44,70.2 1 1
leaflock/server/health.go:73.47,75.2 1 1
leaflock/server/health.go:78.49,80.2 1 1
leaflock/server/health.go:83.48,85.2 1 1
leaflock/server/health.go:88.42,90.2 1 1
leaflock/server/health.go:93.46,95.2 1 1
leaflock/server/health.go:98.46,100.2 1 1
leaflock/server/health.go:103.42,105.2 1 1
leaflock/server/listener.go:16.88,22.67 4 1
leaflock/server/listener.go:22.67,23.25 1 1
leaflock/server/listener.go:23.25,25.5 1 0
leaflock/server/listener.go:27.4,28.48 2 1
leaflock/server/listener.go:28.48,30.5 1 1
leaflock/server/listener.go:30.26,32.5 1 0
leaflock/server/listener.go:33.4,33.18 1 1
leaflock/server/listener.go:37.2,38.16 2 1
leaflock/server/listener.go:38.16,42.3 3 1
leaflock/server/listener.go:44.2,52.16 7 0
leaflock/server/listener.go:52.16,56.3 3 0
leaflock/server/listener.go:58.2,59.26 2 0
leaflock/services/allowlist.go:16.13,18.2 1 1
leaflock/services/allowlist.go:21.45,23.14 2 1
leaflock/services/allowlist.go:23.14,25.3 1 0
leaflock/services/allowlist.go:26.2,26.32 1 1
leaflock/services/allowlist.go:30.49,31.64 1 1
leaflock/services/allowlist.go:31.64,33.3 1 1
leaflock/services/allowlist.go:35.2,36.30 2 1
leaflock/services/allowlist.go:36.30,37.56 1 1
leaflock/services/allowlist.go:37.56,39.4 1 1
leaflock/services/allowlist.go:41.2,41.14 1 1
leaflock/services/allowlist.go:45.94,49.19 3 1
leaflock/services/allowlist.go:49.19,53.49 4 1
leaflock/services/allowlist.go:53.49,55.15 2 1
leaflock/services/allowlist.go:55.15,57.5 1 1
leaflock/services/allowlist.go:61.2,61.20 1 1
leaflock/services/allowlist.go:61.20,62.46 1 1
leaflock/services/allowlist.go:62.46,63.17 1 1
leaflock/services/allowlist.go:63.17,65.5 1 1
leaflock/services/allowlist.go:66.4,67.23 2 1
leaflock/services/allowlist.go:67.23,69.51 2 1
leaflock/services/allowlist.go:69.51,70.14 1 1
leaflock/services/allowlist.go:72.5,72.51 1 1
leaflock/services/allowlist.go:72.51,79.48 6 1
leaflock/services/allowlist.go:79.48,81.18 2 1
leaflock/services/allowlist.go:81.18,83.8 1 1
leaflock/services/allowlist.go:89.2,89.24 1 1
leaflock/services/allowlist.go:93.37,98.12 4 0
leaflock/services/allowlist.go:98.12,102.22 4 0
leaflock/services/allowlist.go:102.22,104.22 2 0
leaflock/services/allowlist.go:104.22,108.5 3 0
leaflock/services/cleanup.go:12.48,13.12 1 1
leaflock/services/cleanup.go:13.12,21.22 5 1
leaflock/services/cleanup.go:21.22,23.4 1 0
leaflock/services/cleanup.go:28.65,39.16 3 1
leaflock/services/cleanup.go:39.16,41.3 1 1
leaflock/services/cleanup.go:41.8,41.38 1 1
leaflock/services/cleanup.go:41.38,43.3 1 1
leaflock/services/cleanup.go:46.2,47.17 2 1
leaflock/services/cleanup.go:47.17,49.3 1 1
leaflock/services/cleanup.go:49.8,51.3 1 1
leaflock/services/cleanup.go:54.2,57.22 3 1
leaflock/services/cleanup.go:57.22,59.3 1 1
leaflock/services/cleanup.go:61.2,61.58 1 1
leaflock/services/email_service.go:24.56,28.2 1 1
leaflock/services/email_service.go:42.101,43.27 1 1
leaflock/services/email_service.go:43.27,47.3 3 1
leaflock/services/email_service.go:49.2,58.27 8 0
leaflock/services/email_service.go:58.27,63.3 1 0
leaflock/services/email_service.go:63.8,67.3 1 0
leaflock/services/email_service.go:70.2,71.25 2 0
leaflock/services/email_service.go:71.25,72.12 1 0
leaflock/services/email_service.go:72.12,74.4 1 0
leaflock/services/email_service.go:76.3,77.26 2 0
leaflock/services/email_service.go:77.26,81.4 3 0
leaflock/services/email_service.go:81.9,84.4 2 0
leaflock/services/email_service.go:86.3,86.17 1 0
leaflock/services/email_service.go:86.17,89.4 2 0
leaflock/services/email_service.go:90.3,91.67 2 0
leaflock/services/email_service.go:94.2,95.56 2 0
leaflock/services/email_service.go:99.96,101.24 1 1
leaflock/services/email_service.go:101.24,103.3 1 1
leaflock/services/email_service.go:104.2,104.23 1 1
leaflock/services/email_service.go:104.23,106.3 1 1
leaflock/services/email_service.go:107.2,107.20 1 1
leaflock/services/email_service.go:107.20,109.3 1 1
leaflock/services/email_service.go:112.2,114.16 3 1
leaflock/services/email_service.go:114.16,116.3 1 1
leaflock/services/email_service.go:119.2,120.60 2 0
leaflock/services/email_service.go:120.60,122.3 1 0
leaflock/services/email_service.go:125.2,127.69 2 0
leaflock/services/email_service.go:131.40,144.28 10 1
leaflock/services/email_service.go:144.28,145.18 1 1
leaflock/services/email_service.go:145.18,147.4 1 1
leaflock/services/email_service.go:147.9,147.25 1 1
leaflock/services/email_service.go:147.25,149.4 1 1
leaflock/services/email_service.go:149.9,149.20 1 1
leaflock/services/email_service.go:149.20,151.4 1 1
leaflock/services/email_service.go:155.2,158.16 3 1
leaflock/services/email_service.go:162.80,172.2 2 1
leaflock/services/email_service.go:175.106,188.2 3 1
leaflock/services/email_service.go:191.89,200.2 2 1
leaflock/services/share_links.go:30.63,32.2 1 1
leaflock/services/share_links.go:35.38,38.44 2 1
leaflock/services/share_links.go:38.44,40.3 1 0
leaflock/services/share_links.go:43.2,44.19 2 1
leaflock/services/share_links.go:48.105,53.16 3 1
leaflock/services/share_links.go:53.16,55.3 1 0
leaflock/services/share_links.go:58.2,59.30 2 1
leaflock/services/share_links.go:59.30,61.15 2 1
leaflock/services/share_links.go:61.15,63.4 1 0
leaflock/services/share_links.go:64.8,67.3 1 1
leaflock/services/share_links.go:70.2,70.65 1 1
leaflock/services/share_links.go:70.65,72.3 1 0
leaflock/services/share_links.go:74.2,74.12 1 1
leaflock/services/share_links.go:78.101,83.22 3 1
leaflock/services/share_links.go:83.22,85.3 1 1
leaflock/services/share_links.go:85.8,85.23 1 1
leaflock/services/share_links.go:85.23,87.3 1 0
leaflock/services/share_links.go:90.2,91.64 2 1
leaflock/services/share_links.go:91.64,93.3 1 0
leaflock/services/share_links.go:96.2,96.66 1 1
leaflock/services/share_links.go:96.66,100.3 2 0
leaflock/services/share_links.go:102.2,102.19 1 1
leaflock/services/share_links.go:106.89,109.50 2 1
leaflock/services/share_links.go:109.50,111.3 1 0
leaflock/services/share_links.go:113.2,113.12 1 1
leaflock/services/share_links.go:117.87,120.16 2 1
leaflock/services/share_links.go:120.16,122.3 1 0
leaflock/services/share_links.go:123.2,123.17 1 1
leaflock/services/share_links.go:123.17,125.3 1 0
leaflock/services/share_links.go:128.2,131.44 2 1
leaflock/services/share_links.go:135.95,141.6 4 1
leaflock/services/share_links.go:141.6,145.17 4 1
leaflock/services/share_links.go:145.17,147.4 1 0
leaflock/services/share_links.go:150.3,150.32 1 1
leaflock/services/share_links.go:150.32,152.18 2 1
leaflock/services/share_links.go:152.18,153.13 1 0
leaflock/services/share_links.go:156.4,157.66 2 1
leaflock/services/share_links.go:157.66,158.13 1 0
leaflock/services/share_links.go:161.4,161.29 1 1
leaflock/services/share_links.go:161.29,163.5 1 1
leaflock/services/share_links.go:166.3,166.18 1 1
leaflock/services/share_links.go:166.18,167.9 1 1
leaflock/services/share_links.go:172.2,172.19 1 1
leaflock/services/share_links.go:172.19,173.55 1 1
leaflock/services/share_links.go:173.55,175.4 1 0
leaflock/services/share_links.go:178.2,178.12 1 1
leaflock/services/share_links.go:182.80,187.16 3 1
leaflock/services/share_links.go:187.16,189.3 1 0
leaflock/services/share_links.go:190.2,190.17 1 1
leaflock/services/share_links.go:190.17,192.3 1 0
leaflock/services/share_links.go:195.2,195.29 1 1
leaflock/services/share_links.go:195.29,197.59 2 1
leaflock/services/share_links.go:197.59,199.4 1 0
leaflock/services/share_links.go:202.2,202.12 1 1
leaflock/services/templates.go:339.88,345.16 4 1
leaflock/services/templates.go:345.16,347.3 1 1
leaflock/services/templates.go:349.2,349.15 1 1
leaflock/services/templates.go:349.15,352.3 2 1
leaflock/services/templates.go:354.2,356.44 2 1
leaflock/services/templates.go:356.44,359.17 2 1
leaflock/services/templates.go:359.17,361.4 1 0
leaflock/services/templates.go:363.3,364.17 2 1
leaflock/services/templates.go:364.17,366.4 1 0
leaflock/services/templates.go:368.3,369.17 2 1
leaflock/services/templates.go:369.17,371.4 1 0
leaflock/services/templates.go:374.3,381.17 3 1
leaflock/services/templates.go:381.17,383.4 1 1
leaflock/services/templates.go:385.3,385.64 1 1
leaflock/services/templates.go:388.2,389.12 2 1
leaflock/metrics/metrics.go:136.43,137.34 1 0
leaflock/metrics/metrics.go:137.34,147.17 6 0
leaflock/metrics/metrics.go:147.17,149.4 1 0
leaflock/metrics/metrics.go:150.3,155.13 4 0
leaflock/metrics/metrics.go:160.35,162.2 1 1
leaflock/metrics/metrics.go:165.47,167.2 1 1
leaflock/metrics/metrics.go:170.44,172.2 1 1
leaflock/metrics/metrics.go:175.44,177.2 1 1
leaflock/metrics/metrics.go:180.46,183.2 2 1
leaflock/metrics/metrics.go:186.47,188.2 1 1
leaflock/metrics/metrics.go:191.40,193.2 1 1
leaflock/metrics/metrics.go:196.48,198.2 1 1
leaflock/metrics/metrics.go:201.50,203.2 1 1
leaflock/metrics/metrics.go:206.75,209.25 3 1
leaflock/metrics/metrics.go:209.25,211.3 1 1
leaflock/websocket/handler.go:18.73,19.15 1 0
leaflock/websocket/handler.go:19.15,21.3 1 0
leaflock/websocket/handler.go:24.2,29.20 4 0
leaflock/websocket/handler.go:29.20,32.3 2 0
leaflock/websocket/handler.go:35.2,36.80 2 0
leaflock/websocket/handler.go:36.80,37.58 1 0
leaflock/websocket/handler.go:37.58,39.4 1 0
leaflock/websocket/handler.go:40.3,40.28 1 0
leaflock/websocket/handler.go:43.2,43.32 1 0
leaflock/websocket/handler.go:43.32,46.3 2 0
leaflock/websocket/handler.go:49.2,50.9 2 0
leaflock/websocket/handler.go:50.9,53.3 2 0
leaflock/websocket/handler.go:56.2,57.37 2 0
leaflock/websocket/handler.go:57.37,60.3 2 0
leaflock/websocket/handler.go:62.2,63.16 2 0
leaflock/websocket/handler.go:63.16,66.3 2 0
leaflock/websocket/handler.go:68.2,69.16 2 0
leaflock/websocket/handler.go:69.16,72.3 2 0
leaflock/websocket/handler.go:75.2,87.30 4 0
leaflock/websocket/handler.go:87.30,90.3 2 0
leaflock/websocket/handler.go:93.2,104.12 3 0
leaflock/websocket/handler.go:104.12,105.16 1 0
leaflock/websocket/handler.go:105.16,107.4 1 0
leaflock/websocket/handler.go:109.3,109.34 1 0
leaflock/websocket/handler.go:109.34,110.73 1 0
leaflock/websocket/handler.go:110.73,113.5 2 0
leaflock/websocket/handler.go:115.3,115.55 1 0
leaflock/websocket/handler.go:119.2,119.6 1 0
leaflock/websocket/handler.go:119.6,122.17 3 0
leaflock/websocket/handler.go:122.17,123.103 1 0
leaflock/websocket/handler.go:123.103,125.5 1 0
leaflock/websocket/handler.go:126.4,126.9 1 0
leaflock/websocket/handler.go:130.3,130.19 1 0
leaflock/websocket/handler.go:131.15,138.14 1 0
leaflock/websocket/handler.go:140.17,147.14 1 0
leaflock/websocket/handler.go:149.19,156.14 1 0
leaflock/websocket/hub.go:32.20,41.2 1 1
leaflock/websocket/hub.go:44.23,46.9 2 1
leaflock/websocket/hub.go:47.16,47.16 0 1
leaflock/websocket/hub.go:49.10,53.21 4 1
leaflock/websocket/hub.go:55.2,55.15 1 1
leaflock/websocket/hub.go:59.52,61.2 1 1
leaflock/websocket/hub.go:64.54,66.2 1 1
leaflock/websocket/hub.go:69.21,70.6 1 1
leaflock/websocket/hub.go:70.6,71.10 1 1
leaflock/websocket/hub.go:72.17,73.10 1 1
leaflock/websocket/hub.go:74.33,75.11 1 1
leaflock/websocket/hub.go:75.11,77.5 1 1
leaflock/websocket/hub.go:78.4,81.39 3 1
leaflock/websocket/hub.go:81.39,83.5 1 1
leaflock/websocket/hub.go:84.4,95.19 3 1
leaflock/websocket/hub.go:97.35,98.11 1 1
leaflock/websocket/hub.go:98.11,100.5 1 0
leaflock/websocket/hub.go:101.4,102.51 2 1
leaflock/websocket/hub.go:102.51,104.62 2 1
leaflock/websocket/hub.go:104.62,106.29 2 1
leaflock/websocket/hub.go:106.29,108.7 1 1
leaflock/websocket/hub.go:110.5,110.21 1 1
leaflock/websocket/hub.go:112.4,122.19 2 1
leaflock/websocket/hub.go:129.93,134.22 4 1
leaflock/websocket/hub.go:134.22,136.3 1 1
leaflock/websocket/hub.go:138.2,139.16 2 1
leaflock/websocket/hub.go:139.16,141.3 1 0
leaflock/websocket/hub.go:143.2,143.38 1 1
leaflock/websocket/hub.go:143.38,144.30 1 1
leaflock/websocket/hub.go:144.30,145.11 1 1
leaflock/websocket/hub.go:146.27,146.27 0 1
leaflock/websocket/hub.go:147.12,149.30 2 1
leaflock/websocket/hub.go:156.22,158.2 1 1
leaflock/websocket/hub.go:161.60,166.22 4 1
leaflock/websocket/hub.go:166.22,168.3 1 1
leaflock/websocket/hub.go:170.2,171.32 2 1
leaflock/websocket/hub.go:171.32,173.3 1 1
leaflock/websocket/hub.go:174.2,174.14 1 1
leaflock/services/allowlist.go:16.13,18.2 1 1
leaflock/services/allowlist.go:21.45,23.14 2 1
leaflock/services/allowlist.go:23.14,25.3 1 0
leaflock/services/allowlist.go:26.2,26.32 1 1
leaflock/services/allowlist.go:30.49,31.64 1 1
leaflock/services/allowlist.go:31.64,33.3 1 1
leaflock/services/allowlist.go:35.2,36.30 2 1
leaflock/services/allowlist.go:36.30,37.56 1 1
leaflock/services/allowlist.go:37.56,39.4 1 1
leaflock/services/allowlist.go:41.2,41.14 1 1
leaflock/services/allowlist.go:45.94,49.19 3 1
leaflock/services/allowlist.go:49.19,53.49 4 1
leaflock/services/allowlist.go:53.49,55.15 2 1
leaflock/services/allowlist.go:55.15,57.5 1 1
leaflock/services/allowlist.go:61.2,61.20 1 1
leaflock/services/allowlist.go:61.20,62.46 1 1
leaflock/services/allowlist.go:62.46,63.17 1 1
leaflock/services/allowlist.go:63.17,65.5 1 1
leaflock/services/allowlist.go:66.4,67.23 2 1
leaflock/services/allowlist.go:67.23,69.51 2 1
leaflock/services/allowlist.go:69.51,70.14 1 1
leaflock/services/allowlist.go:72.5,72.51 1 1
leaflock/services/allowlist.go:72.51,79.48 6 1
leaflock/services/allowlist.go:79.48,81.18 2 1
leaflock/services/allowlist.go:81.18,83.8 1 1
leaflock/services/allowlist.go:89.2,89.24 1 1
leaflock/services/allowlist.go:93.37,98.12 4 0
leaflock/services/allowlist.go:98.12,102.22 4 0
leaflock/services/allowlist.go:102.22,104.22 2 0
leaflock/services/allowlist.go:104.22,108.5 3 0
leaflock/services/cleanup.go:12.48,13.12 1 1
leaflock/services/cleanup.go:13.12,21.22 5 1
leaflock/services/cleanup.go:21.22,23.4 1 0
leaflock/services/cleanup.go:28.65,39.16 3 1
leaflock/services/cleanup.go:39.16,41.3 1 1
leaflock/services/cleanup.go:41.8,41.38 1 1
leaflock/services/cleanup.go:41.38,43.3 1 1
leaflock/services/cleanup.go:46.2,47.17 2 1
leaflock/services/cleanup.go:47.17,49.3 1 1
leaflock/services/cleanup.go:49.8,51.3 1 1
leaflock/services/cleanup.go:54.2,57.22 3 1
leaflock/services/cleanup.go:57.22,59.3 1 1
leaflock/services/cleanup.go:61.2,61.58 1 1
leaflock/services/email_service.go:24.56,28.2 1 1
leaflock/services/email_service.go:42.101,43.27 1 1
leaflock/services/email_service.go:43.27,47.3 3 1
leaflock/services/email_service.go:49.2,58.27 8 0
leaflock/services/email_service.go:58.27,63.3 1 0
leaflock/services/email_service.go:63.8,67.3 1 0
leaflock/services/email_service.go:70.2,71.25 2 0
leaflock/services/email_service.go:71.25,72.12 1 0
leaflock/services/email_service.go:72.12,74.4 1 0
leaflock/services/email_service.go:76.3,77.26 2 0
leaflock/services/email_service.go:77.26,81.4 3 0
leaflock/services/email_service.go:81.9,84.4 2 0
leaflock/services/email_service.go:86.3,86.17 1 0
leaflock/services/email_service.go:86.17,89.4 2 0
leaflock/services/email_service.go:90.3,91.67 2 0
leaflock/services/email_service.go:94.2,95.56 2 0
leaflock/services/email_service.go:99.96,101.24 1 1
leaflock/services/email_service.go:101.24,103.3 1 1
leaflock/services/email_service.go:104.2,104.23 1 1
leaflock/services/email_service.go:104.23,106.3 1 1
leaflock/services/email_service.go:107.2,107.20 1 1
leaflock/services/email_service.go:107.20,109.3 1 1
leaflock/services/email_service.go:112.2,114.16 3 1
leaflock/services/email_service.go:114.16,116.3 1 1
leaflock/services/email_service.go:119.2,120.60 2 0
leaflock/services/email_service.go:120.60,122.3 1 0
leaflock/services/email_service.go:125.2,127.69 2 0
leaflock/services/email_service.go:131.40,144.28 10 1
leaflock/services/email_service.go:144.28,145.18 1 1
leaflock/services/email_service.go:145.18,147.4 1 1
leaflock/services/email_service.go:147.9,147.25 1 1
leaflock/services/email_service.go:147.25,149.4 1 1
leaflock/services/email_service.go:149.9,149.20 1 1
leaflock/services/email_service.go:149.20,151.4 1 1
leaflock/services/email_service.go:155.2,158.16 3 1
leaflock/services/email_service.go:162.80,172.2 2 1
leaflock/services/email_service.go:175.106,188.2 3 1
leaflock/services/email_service.go:191.89,200.2 2 1
leaflock/services/share_links.go:30.63,32.2 1 1
leaflock/services/share_links.go:35.38,38.44 2 1
leaflock/services/share_links.go:38.44,40.3 1 0
leaflock/services/share_links.go:43.2,44.19 2 1
leaflock/services/share_links.go:48.105,53.16 3 1
leaflock/services/share_links.go:53.16,55.3 1 0
leaflock/services/share_links.go:58.2,59.30 2 1
leaflock/services/share_links.go:59.30,61.15 2 1
leaflock/services/share_links.go:61.15,63.4 1 0
leaflock/services/share_links.go:64.8,67.3 1 1
leaflock/services/share_links.go:70.2,70.65 1 1
leaflock/services/share_links.go:70.65,72.3 1 0
leaflock/services/share_links.go:74.2,74.12 1 1
leaflock/services/share_links.go:78.101,83.22 3 1
leaflock/services/share_links.go:83.22,85.3 1 1
leaflock/services/share_links.go:85.8,85.23 1 1
leaflock/services/share_links.go:85.23,87.3 1 0
leaflock/services/share_links.go:90.2,91.64 2 1
leaflock/services/share_links.go:91.64,93.3 1 0
leaflock/services/share_links.go:96.2,96.66 1 1
leaflock/services/share_links.go:96.66,100.3 2 0
leaflock/services/share_links.go:102.2,102.19 1 1
leaflock/services/share_links.go:106.89,109.50 2 1
leaflock/services/share_links.go:109.50,111.3 1 0
leaflock/services/share_links.go:113.2,113.12 1 1
leaflock/services/share_links.go:117.87,120.16 2 1
leaflock/services/share_links.go:120.16,122.3 1 0
leaflock/services/share_links.go:123.2,123.17 1 1
leaflock/services/share_links.go:123.17,125.3 1 0
leaflock/services/share_links.go:128.2,131.44 2 1
leaflock/services/share_links.go:135.95,141.6 4 1
leaflock/services/share_links.go:141.6,145.17 4 1
leaflock/services/share_links.go:145.17,147.4 1 0
leaflock/services/share_links.go:150.3,150.32 1 1
leaflock/services/share_links.go:150.32,152.18 2 1
leaflock/services/share_links.go:152.18,153.13 1 0
leaflock/services/share_links.go:156.4,157.66 2 1
leaflock/services/share_links.go:157.66,158.13 1 0
leaflock/services/share_links.go:161.4,161.29 1 1
leaflock/services/share_links.go:161.29,163.5 1 1
leaflock/services/share_links.go:166.3,166.18 1 1
leaflock/services/share_links.go:166.18,167.9 1 1
leaflock/services/share_links.go:172.2,172.19 1 1
leaflock/services/share_links.go:172.19,173.55 1 1
leaflock/services/share_links.go:173.55,175.4 1 0
leaflock/services/share_links.go:178.2,178.12 1 1
leaflock/services/share_links.go:182.80,187.16 3 1
leaflock/services/share_links.go:187.16,189.3 1 0
leaflock/services/share_links.go:190.2,190.17 1 1
leaflock/services/share_links.go:190.17,192.3 1 0
leaflock/services/share_links.go:195.2,195.29 1 1
leaflock/services/share_links.go:195.29,197.59 2 1
leaflock/services/share_links.go:197.59,199.4 1 0
leaflock/services/share_links.go:202.2,202.12 1 1
leaflock/services/templates.go:339.88,345.16 4 1
leaflock/services/templates.go:345.16,347.3 1 1
leaflock/services/templates.go:349.2,349.15 1 1
leaflock/services/templates.go:349.15,352.3 2 1
leaflock/services/templates.go:354.2,356.44 2 1
leaflock/services/templates.go:356.44,359.17 2 1
leaflock/services/templates.go:359.17,361.4 1 0
leaflock/services/templates.go:363.3,364.17 2 1
leaflock/services/templates.go:364.17,366.4 1 0
leaflock/services/templates.go:368.3,369.17 2 1
leaflock/services/templates.go:369.17,371.4 1 0
leaflock/services/templates.go:374.3,381.17 3 1
leaflock/services/templates.go:381.17,383.4 1 1
leaflock/services/templates.go:385.3,385.64 1 1
leaflock/services/templates.go:388.2,389.12 2 1
leaflock/server/adapter.go:19.66,25.2 1 1
leaflock/server/adapter.go:29.52,31.2 1 1
leaflock/server/adapter.go:35.63,37.36 1 1
leaflock/server/adapter.go:37.36,38.32 1 1
leaflock/server/adapter.go:38.32,40.4 1 1
leaflock/server/adapter.go:44.2,44.21 1 1
leaflock/server/adapter.go:44.21,46.3 1 1
leaflock/server/adapter.go:48.2,48.26 1 1
leaflock/server/adapter.go:53.59,55.2 1 1
leaflock/server/app.go:17.77,33.53 1 1
leaflock/server/app.go:33.53,37.39 3 0
leaflock/server/app.go:37.39,40.5 2 0
leaflock/server/app.go:40.10,40.25 1 0
leaflock/server/app.go:40.25,43.5 1 0
leaflock/server/app.go:43.10,50.5 1 0
leaflock/server/app.go:52.4,52.59 1 0
leaflock/server/app.go:57.2,59.56 1 1
leaflock/server/app.go:59.56,66.4 1 0
leaflock/server/app.go:70.2,70.35 1 1
leaflock/server/app.go:70.35,75.3 4 1
leaflock/server/app.go:78.2,86.33 2 1
leaflock/server/app.go:86.33,89.4 1 1
leaflock/server/app.go:93.2,96.51 2 1
leaflock/server/app.go:96.51,102.3 1 1
leaflock/server/app.go:105.2,105.52 1 1
leaflock/server/app.go:105.52,115.32 4 1
leaflock/server/app.go:115.32,118.106 2 0
leaflock/server/app.go:118.106,122.5 3 0
leaflock/server/app.go:125.4,125.64 1 0
leaflock/server/app.go:125.64,129.5 3 0
leaflock/server/app.go:131.4,132.25 2 0
leaflock/server/app.go:133.9,141.4 6 1
leaflock/server/app.go:144.2,144.12 1 1
leaflock/server/health.go:30.111,37.2 1 1
leaflock/server/health.go:40.39,42.2 1 1
leaflock/server/health.go:45.43,47.2 1 1
leaflock/server/health.go:50.43,52.2 1 1
leaflock/server/health.go:55.39,57.2 1 1
leaflock/server/health.go:60.42,65.2 1 1
leaflock/server/health.go:68.44,70.2 1 1
leaflock/server/health.go:73.47,75.2 1 1
leaflock/server/health.go:78.49,80.2 1 1
leaflock/server/health.go:83.48,85.2 1 1
leaflock/server/health.go:88.42,90.2 1 1
leaflock/server/health.go:93.46,95.2 1 1
leaflock/server/health.go:98.46,100.2 1 1
leaflock/server/health.go:103.42,105.2 1 1
leaflock/server/listener.go:16.88,22.67 4 1
leaflock/server/listener.go:22.67,23.25 1 1
leaflock/server/listener.go:23.25,25.5 1 0
leaflock/server/listener.go:27.4,28.48 2 1
leaflock/server/listener.go:28.48,30.5 1 1
leaflock/server/listener.go:30.26,32.5 1 0
leaflock/server/listener.go:33.4,33.18 1 1
leaflock/server/listener.go:37.2,38.16 2 1
leaflock/server/listener.go:38.16,42.3 3 1
leaflock/server/listener.go:44.2,52.16 7 0
leaflock/server/listener.go:52.16,56.3 3 0
leaflock/server/listener.go:58.2,59.26 2 0
leaflock/utils/helpers.go:19.39,20.13 1 1
leaflock/utils/helpers.go:20.13,22.3 1 1
leaflock/utils/helpers.go:23.2,23.12 1 1
leaflock/utils/helpers.go:27.24,28.11 1 1
leaflock/utils/helpers.go:28.11,30.3 1 1
leaflock/utils/helpers.go:31.2,31.10 1 1
leaflock/utils/helpers.go:35.24,36.11 1 1
leaflock/utils/helpers.go:36.11,38.3 1 1
leaflock/utils/helpers.go:39.2,39.10 1 1
leaflock/utils/helpers.go:43.33,45.39 1 1
leaflock/utils/helpers.go:45.39,48.3 2 1
leaflock/utils/helpers.go:49.2,49.10 1 1
leaflock/utils/helpers.go:53.44,54.13 1 1
leaflock/utils/helpers.go:54.13,56.3 1 1
leaflock/utils/helpers.go:57.2,57.11 1 1
leaflock/utils/helpers.go:61.57,62.58 1 1
leaflock/utils/helpers.go:62.58,64.3 1 1
leaflock/utils/helpers.go:65.2,65.11 1 1
leaflock/utils/helpers.go:69.58,70.59 1 1
leaflock/utils/helpers.go:70.59,72.3 1 1
leaflock/utils/helpers.go:73.2,73.11 1 1
leaflock/utils/logging.go:46.20,48.16 2 1
leaflock/utils/logging.go:48.16,50.3 1 0
leaflock/utils/logging.go:51.2,62.21 9 1
leaflock/utils/logging.go:66.67,67.16 1 1
leaflock/utils/logging.go:67.16,72.3 4 1
leaflock/utils/logging.go:76.55,81.2 4 1
leaflock/utils/logging.go:84.55,89.2 4 1
leaflock/utils/logging.go:92.56,97.2 4 1
leaflock/utils/logging.go:100.88,101.16 1 1
leaflock/utils/logging.go:101.16,117.3 6 1
leaflock/utils/logging.go:121.35,122.50 1 1
leaflock/utils/logging.go:122.50,124.3 1 1
leaflock/utils/logging.go:125.2,125.15 1 0
leaflock/utils/logging.go:129.37,131.2 1 1
leaflock/utils/logging.go:134.26,135.88 1 1
leaflock/utils/logging.go:135.88,137.3 1 1
leaflock/utils/logging.go:138.2,138.15 1 1
leaflock/utils/logging.go:142.50,144.17 2 1
leaflock/utils/logging.go:144.17,146.3 1 1
leaflock/utils/logging.go:147.2,147.17 1 1
leaflock/utils/logging.go:147.17,149.3 1 1
leaflock/utils/logging.go:150.2,150.43 1 1
leaflock/utils/logging.go:150.43,152.3 1 1
leaflock/utils/logging.go:153.2,153.43 1 1
leaflock/utils/logging.go:157.51,158.32 1 1
leaflock/utils/logging.go:159.24,160.26 1 1
leaflock/utils/logging.go:161.29,162.25 1 0
leaflock/utils/logging.go:163.25,164.25 1 0
leaflock/utils/logging.go:165.22,166.26 1 0
leaflock/utils/logging.go:167.36,168.26 1 0
leaflock/utils/logging.go:169.10,170.26 1 1
leaflock/utils/logging.go:175.44,177.9 2 1
leaflock/utils/logging.go:178.71,179.20 1 1
leaflock/utils/logging.go:180.105,181.20 1 1
leaflock/utils/logging.go:182.108,183.19 1 1
leaflock/utils/logging.go:184.40,185.20 1 1
leaflock/utils/logging.go:186.10,187.19 1 1
leaflock/utils/logging.go:197.62,199.2 1 1
leaflock/utils/logging.go:201.52,202.25 1 1
leaflock/utils/logging.go:202.25,204.3 1 1
leaflock/utils/logging.go:205.2,205.23 1 0
leaflock/utils/logging.go:214.54,216.23 2 1
leaflock/utils/logging.go:216.23,218.3 1 0
leaflock/utils/logging.go:219.2,219.24 1 1
leaflock/utils/logging.go:219.24,221.3 1 1
leaflock/utils/logging.go:222.2,222.27 1 1
leaflock/utils/network.go:16.13,26.30 2 1
leaflock/utils/network.go:26.30,27.55 1 1
leaflock/utils/network.go:27.55,29.4 1 1
leaflock/utils/network.go:34.36,35.31 1 1
leaflock/utils/network.go:35.31,37.3 1 1
leaflock/utils/network.go:38.2,38.66 1 1
leaflock/utils/network.go:38.66,39.39 1 1
leaflock/utils/network.go:39.39,41.4 1 1
leaflock/utils/network.go:43.2,43.60 1 1
leaflock/utils/network.go:43.60,45.54 2 1
leaflock/utils/network.go:45.54,47.52 2 1
leaflock/utils/network.go:47.52,48.13 1 0
leaflock/utils/network.go:50.4,51.21 2 1
leaflock/utils/network.go:51.21,52.13 1 0
leaflock/utils/network.go:54.4,54.26 1 1
leaflock/utils/network.go:54.26,56.5 1 1
leaflock/utils/network.go:57.4,57.22 1 1
leaflock/utils/network.go:57.22,59.5 1 1
leaflock/utils/network.go:61.3,61.21 1 1
leaflock/utils/network.go:61.21,63.4 1 1
leaflock/utils/network.go:65.2,65.67 1 0
leaflock/utils/network.go:65.67,66.43 1 0
leaflock/utils/network.go:66.43,68.4 1 0
leaflock/utils/network.go:70.2,70.85 1 0
leaflock/utils/network.go:70.85,71.51 1 0
leaflock/utils/network.go:71.51,73.4 1 0
leaflock/utils/network.go:75.2,75.15 1 0
leaflock/utils/network.go:79.33,80.56 1 1
leaflock/utils/network.go:80.56,82.3 1 1
leaflock/utils/network.go:83.2,83.40 1 1
leaflock/utils/network.go:83.40,84.25 1 1
leaflock/utils/network.go:84.25,86.4 1 1
leaflock/utils/network.go:88.2,88.13 1 1
leaflock/utils/validation.go:4.41,5.40 1 1
leaflock/utils/validation.go:5.40,7.3 1 1
leaflock/utils/validation.go:8.2,8.25 1 1
leaflock/utils/validation.go:8.25,10.75 2 1
leaflock/utils/validation.go:10.75,12.4 1 1
leaflock/utils/validation.go:14.2,14.13 1 1
leaflock/utils/helpers.go:19.39,20.13 1 1
leaflock/utils/helpers.go:20.13,22.3 1 1
leaflock/utils/helpers.go:23.2,23.12 1 1
leaflock/utils/helpers.go:27.24,28.11 1 1
leaflock/utils/helpers.go:28.11,30.3 1 1
leaflock/utils/helpers.go:31.2,31.10 1 1
leaflock/utils/helpers.go:35.24,36.11 1 1
leaflock/utils/helpers.go:36.11,38.3 1 1
leaflock/utils/helpers.go:39.2,39.10 1 1
leaflock/utils/helpers.go:43.33,45.39 1 1
leaflock/utils/helpers.go:45.39,48.3 2 1
leaflock/utils/helpers.go:49.2,49.10 1 1
leaflock/utils/helpers.go:53.44,54.13 1 1
leaflock/utils/helpers.go:54.13,56.3 1 1
leaflock/utils/helpers.go:57.2,57.11 1 1
leaflock/utils/helpers.go:61.57,62.58 1 1
leaflock/utils/helpers.go:62.58,64.3 1 1
leaflock/utils/helpers.go:65.2,65.11 1 1
leaflock/utils/helpers.go:69.58,70.59 1 1
leaflock/utils/helpers.go:70.59,72.3 1 1
leaflock/utils/helpers.go:73.2,73.11 1 1
leaflock/utils/logging.go:46.20,48.16 2 1
leaflock/utils/logging.go:48.16,50.3 1 0
leaflock/utils/logging.go:51.2,62.21 9 1
leaflock/utils/logging.go:66.67,67.16 1 1
leaflock/utils/logging.go:67.16,72.3 4 1
leaflock/utils/logging.go:76.55,81.2 4 1
leaflock/utils/logging.go:84.55,89.2 4 1
leaflock/utils/logging.go:92.56,97.2 4 1
leaflock/utils/logging.go:100.88,101.16 1 1
leaflock/utils/logging.go:101.16,117.3 6 1
leaflock/utils/logging.go:121.35,122.50 1 1
leaflock/utils/logging.go:122.50,124.3 1 1
leaflock/utils/logging.go:125.2,125.15 1 0
leaflock/utils/logging.go:129.37,131.2 1 1
leaflock/utils/logging.go:134.26,135.88 1 1
leaflock/utils/logging.go:135.88,137.3 1 1
leaflock/utils/logging.go:138.2,138.15 1 1
leaflock/utils/logging.go:142.50,144.17 2 1
leaflock/utils/logging.go:144.17,146.3 1 1
leaflock/utils/logging.go:147.2,147.17 1 1
leaflock/utils/logging.go:147.17,149.3 1 1
leaflock/utils/logging.go:150.2,150.43 1 1
leaflock/utils/logging.go:150.43,152.3 1 1
leaflock/utils/logging.go:153.2,153.43 1 1
leaflock/utils/logging.go:157.51,158.32 1 1
leaflock/utils/logging.go:159.24,160.26 1 1
leaflock/utils/logging.go:161.29,162.25 1 0
leaflock/utils/logging.go:163.25,164.25 1 0
leaflock/utils/logging.go:165.22,166.26 1 0
leaflock/utils/logging.go:167.36,168.26 1 0
leaflock/utils/logging.go:169.10,170.26 1 1
leaflock/utils/logging.go:175.44,177.9 2 1
leaflock/utils/logging.go:178.71,179.20 1 1
leaflock/utils/logging.go:180.105,181.20 1 1
leaflock/utils/logging.go:182.108,183.19 1 1
leaflock/utils/logging.go:184.40,185.20 1 1
leaflock/utils/logging.go:186.10,187.19 1 1
leaflock/utils/logging.go:197.62,199.2 1 1
leaflock/utils/logging.go:201.52,202.25 1 1
leaflock/utils/logging.go:202.25,204.3 1 1
leaflock/utils/logging.go:205.2,205.23 1 0
leaflock/utils/logging.go:214.54,216.23 2 1
leaflock/utils/logging.go:216.23,218.3 1 0
leaflock/utils/logging.go:219.2,219.24 1 1
leaflock/utils/logging.go:219.24,221.3 1 1
leaflock/utils/logging.go:222.2,222.27 1 1
leaflock/utils/network.go:16.13,26.30 2 1
leaflock/utils/network.go:26.30,27.55 1 1
leaflock/utils/network.go:27.55,29.4 1 1
leaflock/utils/network.go:34.36,35.31 1 1
leaflock/utils/network.go:35.31,37.3 1 1
leaflock/utils/network.go:38.2,38.66 1 1
leaflock/utils/network.go:38.66,39.39 1 1
leaflock/utils/network.go:39.39,41.4 1 1
leaflock/utils/network.go:43.2,43.60 1 1
leaflock/utils/network.go:43.60,45.54 2 1
leaflock/utils/network.go:45.54,47.52 2 1
leaflock/utils/network.go:47.52,48.13 1 0
leaflock/utils/network.go:50.4,51.21 2 1
leaflock/utils/network.go:51.21,52.13 1 0
leaflock/utils/network.go:54.4,54.26 1 1
leaflock/utils/network.go:54.26,56.5 1 1
leaflock/utils/network.go:57.4,57.22 1 1
leaflock/utils/network.go:57.22,59.5 1 1
leaflock/utils/network.go:61.3,61.21 1 1
leaflock/utils/network.go:61.21,63.4 1 1
leaflock/utils/network.go:65.2,65.67 1 0
leaflock/utils/network.go:65.67,66.43 1 0
leaflock/utils/network.go:66.43,68.4 1 0
leaflock/utils/network.go:70.2,70.85 1 0
leaflock/utils/network.go:70.85,71.51 1 0
leaflock/utils/network.go:71.51,73.4 1 0
leaflock/utils/network.go:75.2,75.15 1 0
leaflock/utils/network.go:79.33,80.56 1 1
leaflock/utils/network.go:80.56,82.3 1 1
leaflock/utils/network.go:83.2,83.40 1 1
leaflock/utils/network.go:83.40,84.25 1 1
leaflock/utils/network.go:84.25,86.4 1 1
leaflock/utils/network.go:88.2,88.13 1 1
leaflock/utils/validation.go:4.41,5.40 1 1
leaflock/utils/validation.go:5.40,7.3 1 1
leaflock/utils/validation.go:8.2,8.25 1 1
leaflock/utils/validation.go:8.25,10.75 2 1
leaflock/utils/validation.go:10.75,12.4 1 1
leaflock/utils/validation.go:14.2,14.13 1 1
leaflock/main.go:49.13,70.42 12 0
leaflock/main.go:70.42,72.3 1 0
leaflock/main.go:73.2,73.27 1 0
leaflock/main.go:73.27,75.3 1 0
leaflock/main.go:75.8,77.3 1 0
leaflock/main.go:80.2,86.24 5 0
leaflock/main.go:86.24,89.3 2 0
leaflock/main.go:89.8,91.3 1 0
leaflock/main.go:92.2,92.16 1 0
leaflock/main.go:92.16,94.3 1 0
leaflock/main.go:95.2,110.15 5 0
leaflock/main.go:110.15,112.3 1 0
leaflock/main.go:113.2,135.12 13 0
leaflock/main.go:135.12,136.83 1 0
leaflock/main.go:136.83,138.4 1 0
leaflock/main.go:142.2,151.160 6 0
leaflock/main.go:151.160,153.3 1 0
leaflock/main.go:153.8,153.39 1 0
leaflock/main.go:153.39,156.3 2 0
leaflock/main.go:157.2,162.66 4 0
leaflock/main.go:162.66,164.3 1 0
leaflock/main.go:165.2,174.12 6 0
leaflock/main.go:174.12,178.45 4 0
leaflock/main.go:178.45,180.4 1 0
leaflock/main.go:180.9,182.4 1 0
leaflock/main.go:183.3,183.30 1 0
leaflock/main.go:186.2,192.9 4 0
leaflock/routes.go:29.185,35.26 1 0
leaflock/routes.go:35.26,36.75 1 0
leaflock/routes.go:36.75,38.5 1 0
leaflock/routes.go:39.4,39.12 1 0
leaflock/routes.go:61.2,70.33 1 0
leaflock/routes.go:70.33,78.4 3 0
leaflock/routes.go:82.2,83.46 1 0
leaflock/routes.go:83.46,85.74 1 0
leaflock/routes.go:85.74,87.5 1 0
leaflock/routes.go:90.4,90.56 1 0
leaflock/routes.go:90.56,92.32 1 0
leaflock/routes.go:92.32,94.6 1 0
leaflock/routes.go:96.5,96.45 1 0
leaflock/routes.go:96.45,99.31 3 0
leaflock/routes.go:99.31,101.7 1 0
leaflock/routes.go:104.4,104.16 1 0
leaflock/routes.go:113.2,113.53 1 0
leaflock/routes.go:113.53,115.3 1 0
leaflock/routes.go:118.2,155.89 26 0
leaflock/routes.go:155.89,160.3 4 0
leaflock/routes.go:163.2,276.42 79 0
leaflock/routes.go:276.42,277.36 1 0
leaflock/routes.go:277.36,279.4 1 0
leaflock/routes.go:280.3,280.34 1 0
leaflock/routes.go:283.2,283.54 1 0
leaflock/routes.go:283.54,285.3 1 0
leaflock/swagger.go:16.39,18.24 2 1
leaflock/swagger.go:18.24,20.3 1 1
leaflock/swagger.go:22.2,22.34 1 1
leaflock/swagger.go:22.34,24.20 2 1
leaflock/swagger.go:24.20,26.4 1 1
leaflock/swagger.go:27.3,28.29 2 1
leaflock/swagger.go:29.15,30.11 1 1
leaflock/swagger.go:31.37,32.20 1 0
leaflock/swagger.go:33.11,34.42 1 0
leaflock/swagger.go:36.3,36.28 1 1
leaflock/swagger.go:36.28,37.27 1 1
leaflock/swagger.go:37.27,39.5 1 1
leaflock/swagger.go:41.3,41.81 1 0
leaflock/swagger.go:47.45,49.16 2 1
leaflock/swagger.go:49.16,51.3 1 0
leaflock/swagger.go:52.2,53.21 2 1
leaflock/swagger.go:56.43,80.2 4 1
leaflock/websocket/handler.go:18.73,19.15 1 0
leaflock/websocket/handler.go:19.15,21.3 1 0
leaflock/websocket/handler.go:24.2,29.20 4 0
leaflock/websocket/handler.go:29.20,32.3 2 0
leaflock/websocket/handler.go:35.2,36.80 2 0
leaflock/websocket/handler.go:36.80,37.58 1 0
leaflock/websocket/handler.go:37.58,39.4 1 0
leaflock/websocket/handler.go:40.3,40.28 1 0
leaflock/websocket/handler.go:43.2,43.32 1 0
leaflock/websocket/handler.go:43.32,46.3 2 0
leaflock/websocket/handler.go:49.2,50.9 2 0
leaflock/websocket/handler.go:50.9,53.3 2 0
leaflock/websocket/handler.go:56.2,57.37 2 0
leaflock/websocket/handler.go:57.37,60.3 2 0
leaflock/websocket/handler.go:62.2,63.16 2 0
leaflock/websocket/handler.go:63.16,66.3 2 0
leaflock/websocket/handler.go:68.2,69.16 2 0
leaflock/websocket/handler.go:69.16,72.3 2 0
leaflock/websocket/handler.go:75.2,87.30 4 0
leaflock/websocket/handler.go:87.30,90.3 2 0
leaflock/websocket/handler.go:93.2,104.12 3 0
leaflock/websocket/handler.go:104.12,105.16 1 0
leaflock/websocket/handler.go:105.16,107.4 1 0
leaflock/websocket/handler.go:109.3,109.34 1 0
leaflock/websocket/handler.go:109.34,110.73 1 0
leaflock/websocket/handler.go:110.73,113.5 2 0
leaflock/websocket/handler.go:115.3,115.55 1 0
leaflock/websocket/handler.go:119.2,119.6 1 0
leaflock/websocket/handler.go:119.6,122.17 3 0
leaflock/websocket/handler.go:122.17,123.103 1 0
leaflock/websocket/handler.go:123.103,125.5 1 0
leaflock/websocket/handler.go:126.4,126.9 1 0
leaflock/websocket/handler.go:130.3,130.19 1 0
leaflock/websocket/handler.go:131.15,138.14 1 0
leaflock/websocket/handler.go:140.17,147.14 1 0
leaflock/websocket/handler.go:149.19,156.14 1 0
leaflock/websocket/hub.go:32.20,41.2 1 1
leaflock/websocket/hub.go:44.23,46.9 2 1
leaflock/websocket/hub.go:47.16,47.16 0 1
leaflock/websocket/hub.go:49.10,53.21 4 1
leaflock/websocket/hub.go:55.2,55.15 1 1
leaflock/websocket/hub.go:59.52,61.2 1 1
leaflock/websocket/hub.go:64.54,66.2 1 1
leaflock/websocket/hub.go:69.21,70.6 1 1
leaflock/websocket/hub.go:70.6,71.10 1 1
leaflock/websocket/hub.go:72.17,73.10 1 1
leaflock/websocket/hub.go:74.33,75.11 1 1
leaflock/websocket/hub.go:75.11,77.5 1 1
leaflock/websocket/hub.go:78.4,81.39 3 1
leaflock/websocket/hub.go:81.39,83.5 1 1
leaflock/websocket/hub.go:84.4,95.19 3 1
leaflock/websocket/hub.go:97.35,98.11 1 1
leaflock/websocket/hub.go:98.11,100.5 1 0
leaflock/websocket/hub.go:101.4,102.51 2 1
leaflock/websocket/hub.go:102.51,104.62 2 1
leaflock/websocket/hub.go:104.62,106.29 2 1
leaflock/websocket/hub.go:106.29,108.7 1 1
leaflock/websocket/hub.go:110.5,110.21 1 1
leaflock/websocket/hub.go:112.4,122.19 2 1
leaflock/websocket/hub.go:129.93,134.22 4 1
leaflock/websocket/hub.go:134.22,136.3 1 1
leaflock/websocket/hub.go:138.2,139.16 2 1
leaflock/websocket/hub.go:139.16,141.3 1 0
leaflock/websocket/hub.go:143.2,143.38 1 1
leaflock/websocket/hub.go:143.38,144.30 1 1
leaflock/websocket/hub.go:144.30,145.11 1 1
leaflock/websocket/hub.go:146.27,146.27 0 1
leaflock/websocket/hub.go:147.12,149.30 2 1
leaflock/websocket/hub.go:156.22,158.2 1 1
leaflock/websocket/hub.go:161.60,166.22 4 1
leaflock/websocket/hub.go:166.22,168.3 1 1
leaflock/websocket/hub.go:170.2,171.32 2 1
leaflock/websocket/hub.go:171.32,173.3 1 1
leaflock/websocket/hub.go:174.2,174.14 1 1
leaflock/middleware/rate_limit.go:32.61,40.43 2 1
leaflock/middleware/rate_limit.go:40.43,42.4 1 1
leaflock/middleware/rate_limit.go:44.42,48.4 1 1
leaflock/middleware/rate_limit.go:51.2,54.43 1 1
leaflock/middleware/rate_limit.go:54.43,56.4 1 1
leaflock/middleware/rate_limit.go:58.42,62.4 1 1
leaflock/middleware/rate_limit.go:65.2,68.43 1 1
leaflock/middleware/rate_limit.go:68.43,70.4 1 0
leaflock/middleware/rate_limit.go:72.42,76.4 1 0
leaflock/middleware/rate_limit.go:79.2,82.43 1 1
leaflock/middleware/rate_limit.go:82.43,84.4 1 0
leaflock/middleware/rate_limit.go:86.42,90.4 1 0
leaflock/middleware/rate_limit.go:94.2,97.43 1 1
leaflock/middleware/rate_limit.go:97.43,99.4 1 1
leaflock/middleware/rate_limit.go:101.42,105.4 1 1
leaflock/middleware/rate_limit.go:108.2,111.43 1 1
leaflock/middleware/rate_limit.go:111.43,113.4 1 0
leaflock/middleware/rate_limit.go:115.42,119.4 1 0
leaflock/middleware/rate_limit.go:123.2,126.43 1 1
leaflock/middleware/rate_limit.go:126.43,128.4 1 1
leaflock/middleware/rate_limit.go:130.42,134.4 1 1
leaflock/middleware/rate_limit.go:137.2,140.43 1 1
leaflock/middleware/rate_limit.go:140.43,142.4 1 0
leaflock/middleware/rate_limit.go:144.42,148.4 1 0
leaflock/middleware/rate_limit.go:151.2,154.43 1 1
leaflock/middleware/rate_limit.go:154.43,156.4 1 0
leaflock/middleware/rate_limit.go:158.42,162.4 1 0
leaflock/middleware/rate_limit.go:165.2,168.43 1 1
leaflock/middleware/rate_limit.go:168.43,170.4 1 0
leaflock/middleware/rate_limit.go:172.42,176.4 1 0
leaflock/middleware/rate_limit.go:180.2,183.43 1 1
leaflock/middleware/rate_limit.go:183.43,185.4 1 1
leaflock/middleware/rate_limit.go:187.42,191.4 1 1
leaflock/middleware/rate_limit.go:194.2,197.43 1 1
leaflock/middleware/rate_limit.go:197.43,199.4 1 0
leaflock/middleware/rate_limit.go:201.42,205.4 1 0
leaflock/middleware/rate_limit.go:209.2,212.43 1 1
leaflock/middleware/rate_limit.go:212.43,214.4 1 0
leaflock/middleware/rate_limit.go:216.42,220.4 1 0
leaflock/middleware/rate_limit.go:223.2,237.3 1 1
leaflock/middleware/share_link.go:18.114,21.34 2 1
leaflock/middleware/share_link.go:21.34,23.18 2 1
leaflock/middleware/share_link.go:23.18,27.4 1 1
leaflock/middleware/share_link.go:29.3,33.17 3 1
leaflock/middleware/share_link.go:33.17,35.4 1 0
leaflock/middleware/share_link.go:38.3,46.24 8 1
leaflock/middleware/share_link.go:46.24,50.38 3 1
leaflock/middleware/share_link.go:50.38,52.5 1 0
leaflock/middleware/share_link.go:53.4,53.30 1 1
leaflock/middleware/share_link.go:53.30,55.5 1 0
leaflock/middleware/share_link.go:56.4,64.18 3 1
leaflock/middleware/share_link.go:64.18,68.5 1 0
leaflock/middleware/share_link.go:69.9,77.18 2 1
leaflock/middleware/share_link.go:77.18,81.5 1 0
leaflock/middleware/share_link.go:84.4,90.24 2 1
leaflock/middleware/share_link.go:90.24,92.5 1 1
leaflock/middleware/share_link.go:93.4,93.22 1 1
leaflock/middleware/share_link.go:93.22,95.5 1 1
leaflock/middleware/share_link.go:97.4,97.62 1 1
leaflock/middleware/share_link.go:101.3,101.16 1 1
leaflock/middleware/share_link.go:101.16,105.4 1 1
leaflock/middleware/share_link.go:108.3,108.55 1 1
leaflock/middleware/share_link.go:108.55,112.4 1 1
leaflock/middleware/share_link.go:115.3,115.45 1 1
leaflock/middleware/share_link.go:115.45,119.4 1 1
leaflock/middleware/share_link.go:122.3,122.26 1 1
leaflock/middleware/share_link.go:122.26,125.28 2 1
leaflock/middleware/share_link.go:125.28,129.47 2 1
leaflock/middleware/share_link.go:129.47,131.6 1 1
leaflock/middleware/share_link.go:133.4,133.22 1 1
leaflock/middleware/share_link.go:133.22,135.5 1 1
leaflock/middleware/share_link.go:137.4,137.22 1 1
leaflock/middleware/share_link.go:137.22,142.5 1 1
leaflock/middleware/share_link.go:145.4,145.58 1 1
leaflock/middleware/share_link.go:145.58,149.5 1 0
leaflock/middleware/share_link.go:153.3,161.17 2 1
leaflock/middleware/share_link.go:161.17,163.4 1 0
leaflock/middleware/share_link.go:166.3,166.23 1 1
leaflock/middleware/share_link.go:166.23,168.4 1 1
leaflock/middleware/share_link.go:171.3,176.18 5 1
leaflock/middleware/share_link.go:181.70,184.16 3 1
leaflock/middleware/share_link.go:184.16,186.3 1 0
leaflock/middleware/share_link.go:187.2,187.18 1 1
leaflock/handlers/docs/docs.go:2156.13,2158.2 1 0
leaflock/websocket/handler.go:18.73,19.15 1 0
leaflock/websocket/handler.go:19.15,21.3 1 0
leaflock/websocket/handler.go:24.2,29.20 4 0
leaflock/websocket/handler.go:29.20,32.3 2 0
leaflock/websocket/handler.go:35.2,36.80 2 0
leaflock/websocket/handler.go:36.80,37.58 1 0
leaflock/websocket/handler.go:37.58,39.4 1 0
leaflock/websocket/handler.go:40.3,40.28 1 0
leaflock/websocket/handler.go:43.2,43.32 1 0
leaflock/websocket/handler.go:43.32,46.3 2 0
leaflock/websocket/handler.go:49.2,50.9 2 0
leaflock/websocket/handler.go:50.9,53.3 2 0
leaflock/websocket/handler.go:56.2,57.37 2 0
leaflock/websocket/handler.go:57.37,60.3 2 0
leaflock/websocket/handler.go:62.2,63.16 2 0
leaflock/websocket/handler.go:63.16,66.3 2 0
leaflock/websocket/handler.go:68.2,69.16 2 0
leaflock/websocket/handler.go:69.16,72.3 2 0
leaflock/websocket/handler.go:75.2,87.30 4 0
leaflock/websocket/handler.go:87.30,90.3 2 0
leaflock/websocket/handler.go:93.2,104.12 3 0
leaflock/websocket/handler.go:104.12,105.16 1 0
leaflock/websocket/handler.go:105.16,107.4 1 0
leaflock/websocket/handler.go:109.3,109.34 1 0
leaflock/websocket/handler.go:109.34,110.73 1 0
leaflock/websocket/handler.go:110.73,113.5 2 0
leaflock/websocket/handler.go:115.3,115.55 1 0
leaflock/websocket/handler.go:119.2,119.6 1 0
leaflock/websocket/handler.go:119.6,122.17 3 0
leaflock/websocket/handler.go:122.17,123.103 1 0
leaflock/websocket/handler.go:123.103,125.5 1 0
leaflock/websocket/handler.go:126.4,126.9 1 0
leaflock/websocket/handler.go:130.3,130.19 1 0
leaflock/websocket/handler.go:131.15,138.14 1 0
leaflock/websocket/handler.go:140.17,147.14 1 0
leaflock/websocket/handler.go:149.19,156.14 1 0
leaflock/websocket/hub.go:32.20,41.2 1 1
leaflock/websocket/hub.go:44.23,46.9 2 1
leaflock/websocket/hub.go:47.16,47.16 0 1
leaflock/websocket/hub.go:49.10,53.21 4 1
leaflock/websocket/hub.go:55.2,55.15 1 1
leaflock/websocket/hub.go:59.52,61.2 1 1
leaflock/websocket/hub.go:64.54,66.2 1 1
leaflock/websocket/hub.go:69.21,70.6 1 1
leaflock/websocket/hub.go:70.6,71.10 1 1
leaflock/websocket/hub.go:72.17,73.10 1 1
leaflock/websocket/hub.go:74.33,75.11 1 1
leaflock/websocket/hub.go:75.11,77.5 1 1
leaflock/websocket/hub.go:78.4,81.39 3 1
leaflock/websocket/hub.go:81.39,83.5 1 1
leaflock/websocket/hub.go:84.4,95.19 3 1
leaflock/websocket/hub.go:97.35,98.11 1 1
leaflock/websocket/hub.go:98.11,100.5 1 0
leaflock/websocket/hub.go:101.4,102.51 2 1
leaflock/websocket/hub.go:102.51,104.62 2 1
leaflock/websocket/hub.go:104.62,106.29 2 1
leaflock/websocket/hub.go:106.29,108.7 1 1
leaflock/websocket/hub.go:110.5,110.21 1 1
leaflock/websocket/hub.go:112.4,122.19 2 1
leaflock/websocket/hub.go:129.93,134.22 4 1
leaflock/websocket/hub.go:134.22,136.3 1 1
leaflock/websocket/hub.go:138.2,139.16 2 1
leaflock/websocket/hub.go:139.16,141.3 1 0
leaflock/websocket/hub.go:143.2,143.38 1 1
leaflock/websocket/hub.go:143.38,144.30 1 1
leaflock/websocket/hub.go:144.30,145.11 1 1
leaflock/websocket/hub.go:146.27,146.27 0 1
leaflock/websocket/hub.go:147.12,149.30 2 1
leaflock/websocket/hub.go:156.22,158.2 1 1
leaflock/websocket/hub.go:161.60,166.22 4 1
leaflock/websocket/hub.go:166.22,168.3 1 1
leaflock/websocket/hub.go:170.2,171.32 2 1
leaflock/websocket/hub.go:171.32,173.3 1 1
leaflock/websocket/hub.go:174.2,174.14 1 1
leaflock/handlers/account.go:27.140,34.2 1 1
leaflock/handlers/account.go:66.60,70.9 3 1
leaflock/handlers/account.go:70.9,72.3 1 1
leaflock/handlers/account.go:74.2,75.43 2 1
leaflock/handlers/account.go:75.43,77.3 1 1
leaflock/handlers/account.go:79.2,79.24 1 1
leaflock/handlers/account.go:79.24,81.3 1 1
leaflock/handlers/account.go:83.2,92.16 5 1
leaflock/handlers/account.go:92.16,95.3 2 1
leaflock/handlers/account.go:97.2,97.56 1 1
leaflock/handlers/account.go:97.56,100.3 2 1
leaflock/handlers/account.go:103.2,104.16 2 1
leaflock/handlers/account.go:104.16,107.3 2 1
leaflock/handlers/account.go:108.2,108.15 1 1
leaflock/handlers/account.go:108.15,110.3 1 1
leaflock/handlers/account.go:112.2,127.41 2 1
leaflock/handlers/account.go:127.41,128.67 1 1
leaflock/handlers/account.go:128.67,130.4 1 0
leaflock/handlers/account.go:134.2,140.16 2 1
leaflock/handlers/account.go:140.16,142.3 1 0
leaflock/handlers/account.go:145.2,146.16 2 1
leaflock/handlers/account.go:146.16,148.3 1 0
leaflock/handlers/account.go:153.2,154.16 2 1
leaflock/handlers/account.go:154.16,156.3 1 0
leaflock/handlers/account.go:159.2,160.16 2 1
leaflock/handlers/account.go:160.16,163.3 2 0
leaflock/handlers/account.go:166.2,166.38 1 1
leaflock/handlers/account.go:166.38,169.3 2 0
leaflock/handlers/account.go:172.2,174.21 3 1
leaflock/handlers/account.go:174.21,178.17 3 0
leaflock/handlers/account.go:178.17,179.12 1 0
leaflock/handlers/account.go:182.3,183.17 2 0
leaflock/handlers/account.go:183.17,184.12 1 0
leaflock/handlers/account.go:187.3,188.69 2 0
leaflock/handlers/account.go:188.69,189.12 1 0
leaflock/handlers/account.go:192.3,192.99 1 0
leaflock/handlers/account.go:192.99,194.4 1 0
leaflock/handlers/account.go:198.2,205.4 3 1
leaflock/handlers/account.go:218.57,222.9 3 1
leaflock/handlers/account.go:222.9,224.3 1 1
leaflock/handlers/account.go:226.2,237.16 4 1
leaflock/handlers/account.go:237.16,240.3 2 1
leaflock/handlers/account.go:241.2,243.23 2 1
leaflock/handlers/account.go:243.23,249.104 5 1
leaflock/handlers/account.go:249.104,250.12 1 0
leaflock/handlers/account.go:253.3,260.22 2 1
leaflock/handlers/account.go:260.22,262.4 1 0
leaflock/handlers/account.go:263.3,263.30 1 1
leaflock/handlers/account.go:267.2,273.16 3 1
leaflock/handlers/account.go:273.16,275.3 1 0
leaflock/handlers/account.go:275.8,277.23 2 1
leaflock/handlers/account.go:277.23,283.75 5 0
leaflock/handlers/account.go:283.75,284.13 1 0
leaflock/handlers/account.go:287.4,292.6 1 0
leaflock/handlers/account.go:297.2,303.16 3 1
leaflock/handlers/account.go:303.16,305.3 1 0
leaflock/handlers/account.go:305.8,307.26 2 1
leaflock/handlers/account.go:307.26,313.81 5 0
leaflock/handlers/account.go:313.81,314.13 1 0
leaflock/handlers/account.go:317.4,322.23 2 0
leaflock/handlers/account.go:322.23,324.5 1 0
leaflock/handlers/account.go:325.4,325.37 1 0
leaflock/handlers/account.go:330.2,336.16 3 1
leaflock/handlers/account.go:336.16,338.3 1 0
leaflock/handlers/account.go:338.8,340.28 2 1
leaflock/handlers/account.go:340.28,345.85 4 0
leaflock/handlers/account.go:345.85,346.13 1 0
leaflock/handlers/account.go:349.4,354.6 1 0
leaflock/handlers/account.go:359.2,367.16 6 1
leaflock/handlers/account.go:367.16,371.3 3 1
leaflock/handlers/account.go:374.2,387.25 3 1
leaflock/handlers/account.go:390.139,392.16 2 1
leaflock/handlers/account.go:392.16,395.3 2 0
leaflock/handlers/account.go:396.2,397.16 2 1
leaflock/handlers/account.go:397.16,400.3 2 0
leaflock/handlers/account.go:402.2,406.16 1 1
leaflock/handlers/account.go:406.16,408.3 1 0
leaflock/handlers/announcements.go:58.70,60.2 1 1
leaflock/handlers/announcements.go:71.69,83.21 7 1
leaflock/handlers/announcements.go:83.21,96.3 1 0
leaflock/handlers/announcements.go:96.8,109.3 1 1
leaflock/handlers/announcements.go:111.2,112.16 2 1
leaflock/handlers/announcements.go:112.16,116.3 1 0
leaflock/handlers/announcements.go:117.2,120.18 3 1
leaflock/handlers/announcements.go:120.18,128.17 3 0
leaflock/handlers/announcements.go:128.17,129.12 1 0
leaflock/handlers/announcements.go:133.3,133.25 1 0
leaflock/handlers/announcements.go:133.25,134.62 1 0
leaflock/handlers/announcements.go:134.62,136.5 1 0
leaflock/handlers/announcements.go:137.9,139.4 1 0
leaflock/handlers/announcements.go:141.3,141.43 1 0
leaflock/handlers/announcements.go:144.2,144.30 1 1
leaflock/handlers/announcements.go:161.71,166.43 4 1
leaflock/handlers/announcements.go:166.43,170.3 1 1
leaflock/handlers/announcements.go:173.2,173.62 1 1
leaflock/handlers/announcements.go:173.62,177.3 1 1
leaflock/handlers/announcements.go:179.2,191.16 4 0
leaflock/handlers/announcements.go:191.16,195.3 1 0
leaflock/handlers/announcements.go:197.2,200.4 1 0
leaflock/handlers/announcements.go:219.71,224.54 4 1
leaflock/handlers/announcements.go:224.54,228.3 1 1
leaflock/handlers/announcements.go:230.2,231.43 2 1
leaflock/handlers/announcements.go:231.43,235.3 1 0
leaflock/handlers/announcements.go:238.2,242.22 4 1
leaflock/handlers/announcements.go:242.22,246.3 3 0
leaflock/handlers/announcements.go:247.2,247.24 1 1
leaflock/handlers/announcements.go:247.24,251.3 3 0
leaflock/handlers/announcements.go:252.2,252.27 1 1
leaflock/handlers/announcements.go:252.27,253.65 1 0
leaflock/handlers/announcements.go:253.65,257.4 1 0
leaflock/handlers/announcements.go:258.3,260.11 3 0
leaflock/handlers/announcements.go:262.2,262.22 1 1
leaflock/handlers/announcements.go:262.22,266.3 3 0
leaflock/handlers/announcements.go:267.2,267.23 1 1
leaflock/handlers/announcements.go:267.23,271.3 3 0
leaflock/handlers/announcements.go:272.2,272.28 1 1
leaflock/handlers/announcements.go:272.28,276.3 3 0
leaflock/handlers/announcements.go:277.2,277.25 1 1
leaflock/handlers/announcements.go:277.25,281.3 3 0
leaflock/handlers/announcements.go:282.2,282.26 1 1
leaflock/handlers/announcements.go:282.26,286.3 3 0
leaflock/handlers/announcements.go:287.2,287.24 1 1
leaflock/handlers/announcements.go:287.24,291.3 3 0
leaflock/handlers/announcements.go:293.2,297.16 4 1
leaflock/handlers/announcements.go:297.16,301.3 1 0
leaflock/handlers/announcements.go:303.2,303.32 1 1
leaflock/handlers/announcements.go:303.32,307.3 1 1
leaflock/handlers/announcements.go:309.2,311.4 1 0
leaflock/handlers/announcements.go:329.71,334.54 4 1
leaflock/handlers/announcements.go:334.54,338.3 1 1
leaflock/handlers/announcements.go:340.2,344.16 2 1
leaflock/handlers/announcements.go:344.16,348.3 1 0
leaflock/handlers/announcements.go:350.2,350.32 1 1
leaflock/handlers/announcements.go:350.32,354.3 1 1
leaflock/handlers/announcements.go:356.2,358.4 1 0
leaflock/handlers/announcements.go:373.72,384.16 4 1
leaflock/handlers/announcements.go:384.16,388.3 1 0
leaflock/handlers/announcements.go:389.2,392.18 3 1
leaflock/handlers/announcements.go:392.18,400.17 3 0
leaflock/handlers/announcements.go:400.17,401.12 1 0
leaflock/handlers/announcements.go:405.3,405.25 1 0
leaflock/handlers/announcements.go:405.25,406.62 1 0
leaflock/handlers/announcements.go:406.62,408.5 1 0
leaflock/handlers/announcements.go:409.9,411.4 1 0
leaflock/handlers/announcements.go:413.3,413.43 1 0
leaflock/handlers/announcements.go:416.2,416.30 1 1
leaflock/handlers/attachments.go:24.107,26.2 1 1
leaflock/handlers/attachments.go:45.67,51.16 4 1
leaflock/handlers/attachments.go:51.16,53.3 1 1
leaflock/handlers/attachments.go:56.2,60.31 3 0
leaflock/handlers/attachments.go:60.31,62.3 1 0
leaflock/handlers/attachments.go:65.2,66.16 2 0
leaflock/handlers/attachments.go:66.16,68.3 1 0
leaflock/handlers/attachments.go:71.2,72.29 2 0
leaflock/handlers/attachments.go:72.29,74.3 1 0
leaflock/handlers/attachments.go:77.2,87.93 2 0
leaflock/handlers/attachments.go:87.93,89.3 1 0
leaflock/handlers/attachments.go:92.2,93.16 2 0
leaflock/handlers/attachments.go:93.16,95.3 1 0
leaflock/handlers/attachments.go:96.2,96.15 1 0
leaflock/handlers/attachments.go:96.15,98.3 1 0
leaflock/handlers/attachments.go:100.2,101.16 2 0
leaflock/handlers/attachments.go:101.16,103.3 1 0
leaflock/handlers/attachments.go:106.2,110.16 3 0
leaflock/handlers/attachments.go:110.16,112.3 1 0
leaflock/handlers/attachments.go:114.2,115.16 2 0
leaflock/handlers/attachments.go:115.16,117.3 1 0
leaflock/handlers/attachments.go:120.2,122.20 3 0
leaflock/handlers/attachments.go:122.20,124.3 1 0
leaflock/handlers/attachments.go:126.2,131.16 2 0
leaflock/handlers/attachments.go:131.16,133.3 1 0
leaflock/handlers/attachments.go:135.2,143.4 1 0
leaflock/handlers/attachments.go:147.65,152.16 4 1
leaflock/handlers/attachments.go:152.16,154.3 1 1
leaflock/handlers/attachments.go:157.2,161.31 3 1
leaflock/handlers/attachments.go:161.31,163.3 1 1
leaflock/handlers/attachments.go:165.2,170.16 2 1
leaflock/handlers/attachments.go:170.16,172.3 1 0
leaflock/handlers/attachments.go:173.2,176.18 3 1
leaflock/handlers/attachments.go:176.18,184.17 7 0
leaflock/handlers/attachments.go:184.17,185.12 1 0
leaflock/handlers/attachments.go:189.3,190.17 2 0
leaflock/handlers/attachments.go:190.17,191.12 1 0
leaflock/handlers/attachments.go:194.3,202.5 1 0
leaflock/handlers/attachments.go:205.2,205.28 1 1
leaflock/handlers/attachments.go:209.69,215.16 5 1
leaflock/handlers/attachments.go:215.16,217.3 1 1
leaflock/handlers/attachments.go:219.2,220.16 2 0
leaflock/handlers/attachments.go:220.16,222.3 1 0
leaflock/handlers/attachments.go:225.2,234.16 4 0
leaflock/handlers/attachments.go:234.16,235.27 1 0
leaflock/handlers/attachments.go:235.27,237.4 1 0
leaflock/handlers/attachments.go:238.3,238.78 1 0
leaflock/handlers/attachments.go:242.2,243.16 2 0
leaflock/handlers/attachments.go:243.16,245.3 1 0
leaflock/handlers/attachments.go:247.2,248.16 2 0
leaflock/handlers/attachments.go:248.16,250.3 1 0
leaflock/handlers/attachments.go:252.2,259.24 5 0
leaflock/handlers/attachments.go:263.67,269.16 5 1
leaflock/handlers/attachments.go:269.16,271.3 1 1
leaflock/handlers/attachments.go:273.2,274.16 2 0
leaflock/handlers/attachments.go:274.16,276.3 1 0
leaflock/handlers/attachments.go:279.2,285.16 2 0
leaflock/handlers/attachments.go:285.16,287.3 1 0
leaflock/handlers/attachments.go:289.2,289.32 1 0
leaflock/handlers/attachments.go:289.32,291.3 1 0
leaflock/handlers/attachments.go:293.2,293.72 1 0
leaflock/handlers/collaboration.go:27.111,29.2 1 1
leaflock/handlers/collaboration.go:59.62,62.16 3 1
leaflock/handlers/collaboration.go:62.16,64.3 1 1
leaflock/handlers/collaboration.go:66.2,69.43 3 1
leaflock/handlers/collaboration.go:69.43,71.3 1 1
leaflock/handlers/collaboration.go:74.2,75.44 2 1
leaflock/handlers/collaboration.go:75.44,77.3 1 1
leaflock/handlers/collaboration.go:80.2,81.39 2 1
leaflock/handlers/collaboration.go:81.39,83.3 1 1
leaflock/handlers/collaboration.go:86.2,88.46 3 0
leaflock/handlers/collaboration.go:88.46,90.3 1 0
leaflock/handlers/collaboration.go:93.2,101.31 3 0
leaflock/handlers/collaboration.go:101.31,103.3 1 0
leaflock/handlers/collaboration.go:106.2,108.16 3 0
leaflock/handlers/collaboration.go:108.16,111.3 2 0
leaflock/handlers/collaboration.go:114.2,119.16 3 0
leaflock/handlers/collaboration.go:119.16,121.3 1 0
leaflock/handlers/collaboration.go:124.2,125.46 2 0
leaflock/handlers/collaboration.go:125.46,128.3 2 0
leaflock/handlers/collaboration.go:132.2,133.16 2 0
leaflock/handlers/collaboration.go:133.16,136.3 2 0
leaflock/handlers/collaboration.go:139.2,145.16 3 0
leaflock/handlers/collaboration.go:145.16,148.3 2 0
leaflock/handlers/collaboration.go:151.2,160.4 2 0
leaflock/handlers/collaboration.go:174.69,177.16 3 1
leaflock/handlers/collaboration.go:177.16,179.3 1 1
leaflock/handlers/collaboration.go:181.2,195.30 4 1
leaflock/handlers/collaboration.go:195.30,197.3 1 1
leaflock/handlers/collaboration.go:200.2,207.16 2 0
leaflock/handlers/collaboration.go:207.16,209.3 1 0
leaflock/handlers/collaboration.go:210.2,213.18 3 0
leaflock/handlers/collaboration.go:213.18,218.125 4 0
leaflock/handlers/collaboration.go:218.125,219.12 1 0
leaflock/handlers/collaboration.go:222.3,227.48 5 0
leaflock/handlers/collaboration.go:230.2,230.58 1 0
leaflock/handlers/collaboration.go:246.71,249.16 3 1
leaflock/handlers/collaboration.go:249.16,251.3 1 0
leaflock/handlers/collaboration.go:253.2,254.16 2 1
leaflock/handlers/collaboration.go:254.16,256.3 1 1
leaflock/handlers/collaboration.go:258.2,269.31 4 1
leaflock/handlers/collaboration.go:269.31,271.3 1 1
leaflock/handlers/collaboration.go:274.2,278.16 2 0
leaflock/handlers/collaboration.go:278.16,280.3 1 0
leaflock/handlers/collaboration.go:282.2,282.32 1 0
leaflock/handlers/collaboration.go:282.32,284.3 1 0
leaflock/handlers/collaboration.go:287.2,292.74 2 0
leaflock/handlers/collaboration.go:304.67,319.16 4 1
leaflock/handlers/collaboration.go:319.16,321.3 1 0
leaflock/handlers/collaboration.go:322.2,325.18 3 1
leaflock/handlers/collaboration.go:325.18,331.114 5 0
leaflock/handlers/collaboration.go:331.114,332.12 1 0
leaflock/handlers/collaboration.go:335.3,344.5 1 0
leaflock/handlers/collaboration.go:347.2,347.42 1 1
leaflock/handlers/collaboration.go:350.94,354.16 3 0
leaflock/handlers/collaboration.go:354.16,356.3 1 0
leaflock/handlers/collaboration.go:358.2,362.16 1 0
leaflock/handlers/collaboration.go:362.16,364.3 1 0
leaflock/handlers/folders.go:22.99,24.2 1 1
leaflock/handlers/folders.go:44.57,54.16 4 1
leaflock/handlers/folders.go:54.16,56.3 1 0
leaflock/handlers/folders.go:57.2,60.18 3 1
leaflock/handlers/folders.go:60.18,69.17 8 0
leaflock/handlers/folders.go:69.17,70.12 1 0
leaflock/handlers/folders.go:73.3,74.17 2 0
leaflock/handlers/folders.go:74.17,75.12 1 0
leaflock/handlers/folders.go:78.3,79.22 2 0
leaflock/handlers/folders.go:79.22,82.4 2 0
leaflock/handlers/folders.go:84.3,92.5 1 0
leaflock/handlers/folders.go:95.2,95.46 1 1
leaflock/handlers/folders.go:98.59,102.43 3 1
leaflock/handlers/folders.go:102.43,104.3 1 1
leaflock/handlers/folders.go:106.2,106.58 1 1
leaflock/handlers/folders.go:106.58,108.3 1 0
leaflock/handlers/folders.go:108.8,108.28 1 1
leaflock/handlers/folders.go:108.28,110.3 1 1
leaflock/handlers/folders.go:112.2,113.16 2 1
leaflock/handlers/folders.go:113.16,115.3 1 0
leaflock/handlers/folders.go:117.2,119.48 3 1
leaflock/handlers/folders.go:119.48,121.17 2 0
leaflock/handlers/folders.go:121.17,123.4 1 0
leaflock/handlers/folders.go:124.3,128.17 4 0
leaflock/handlers/folders.go:128.17,130.4 1 0
leaflock/handlers/folders.go:133.2,140.16 3 1
leaflock/handlers/folders.go:140.16,142.3 1 1
leaflock/handlers/folders.go:144.2,149.4 1 0
leaflock/handlers/folders.go:152.59,155.16 3 1
leaflock/handlers/folders.go:155.16,157.3 1 1
leaflock/handlers/folders.go:159.2,169.16 3 1
leaflock/handlers/folders.go:169.16,171.3 1 0
leaflock/handlers/folders.go:173.2,178.16 2 1
leaflock/handlers/folders.go:178.16,180.3 1 0
leaflock/handlers/folders.go:182.2,182.68 1 1
leaflock/handlers/folders.go:185.63,188.16 3 1
leaflock/handlers/folders.go:188.16,190.3 1 1
leaflock/handlers/folders.go:192.2,193.43 2 1
leaflock/handlers/folders.go:193.43,195.3 1 1
leaflock/handlers/folders.go:197.2,200.48 3 1
leaflock/handlers/folders.go:200.48,202.17 2 0
leaflock/handlers/folders.go:202.17,204.4 1 0
leaflock/handlers/folders.go:205.3,209.17 4 0
leaflock/handlers/folders.go:209.17,211.4 1 0
leaflock/handlers/folders.go:214.2,223.16 2 1
leaflock/handlers/folders.go:223.16,225.3 1 0
leaflock/handlers/folders.go:227.2,227.64 1 1
leaflock/handlers/import_export.go:27.109,29.2 1 1
leaflock/handlers/import_export.go:47.96,57.16 4 1
leaflock/handlers/import_export.go:57.16,59.3 1 0
leaflock/handlers/import_export.go:61.2,61.48 1 1
leaflock/handlers/import_export.go:61.48,64.3 1 1
leaflock/handlers/import_export.go:66.2,66.12 1 1
leaflock/handlers/import_export.go:69.97,79.2 3 1
leaflock/handlers/import_export.go:81.56,83.29 1 1
leaflock/handlers/import_export.go:83.29,85.3 1 0
leaflock/handlers/import_export.go:88.2,97.44 3 1
leaflock/handlers/import_export.go:97.44,98.46 1 1
leaflock/handlers/import_export.go:98.46,100.4 1 1
leaflock/handlers/import_export.go:104.2,104.16 1 1
leaflock/handlers/import_export.go:105.14,107.57 1 1
leaflock/handlers/import_export.go:107.57,109.4 1 0
leaflock/handlers/import_export.go:110.14,113.62 2 1
leaflock/handlers/import_export.go:113.62,115.4 1 0
leaflock/handlers/import_export.go:118.2,118.12 1 1
leaflock/handlers/import_export.go:130.66,141.16 5 1
leaflock/handlers/import_export.go:141.16,144.3 2 1
leaflock/handlers/import_export.go:146.2,151.4 1 1
leaflock/handlers/import_export.go:166.62,171.43 4 1
leaflock/handlers/import_export.go:171.43,173.3 1 1
leaflock/handlers/import_export.go:176.2,176.69 1 1
leaflock/handlers/import_export.go:176.69,178.3 1 0
leaflock/handlers/import_export.go:181.2,182.65 2 1
leaflock/handlers/import_export.go:182.65,184.3 1 1
leaflock/handlers/import_export.go:187.2,188.17 2 1
leaflock/handlers/import_export.go:188.17,190.3 1 1
leaflock/handlers/import_export.go:191.2,191.17 1 1
leaflock/handlers/import_export.go:191.17,193.3 1 0
leaflock/handlers/import_export.go:194.2,194.17 1 1
leaflock/handlers/import_export.go:194.17,196.3 1 0
leaflock/handlers/import_export.go:199.2,200.16 2 1
leaflock/handlers/import_export.go:200.16,202.3 1 0
leaflock/handlers/import_export.go:205.2,207.16 3 1
leaflock/handlers/import_export.go:207.16,210.3 2 0
leaflock/handlers/import_export.go:213.2,214.16 2 1
leaflock/handlers/import_export.go:214.16,217.3 2 0
leaflock/handlers/import_export.go:219.2,220.16 2 1
leaflock/handlers/import_export.go:220.16,223.3 2 0
leaflock/handlers/import_export.go:225.2,234.16 4 1
leaflock/handlers/import_export.go:234.16,237.3 2 0
leaflock/handlers/import_export.go:240.2,240.66 1 1
leaflock/handlers/import_export.go:240.66,243.3 1 0
leaflock/handlers/import_export.go:245.2,250.4 1 1
leaflock/handlers/import_export.go:266.62,269.16 3 1
leaflock/handlers/import_export.go:269.16,271.3 1 1
leaflock/handlers/import_export.go:273.2,276.43 3 1
leaflock/handlers/import_export.go:276.43,278.3 1 0
leaflock/handlers/import_export.go:281.2,293.16 4 1
leaflock/handlers/import_export.go:293.16,295.3 1 0
leaflock/handlers/import_export.go:298.2,299.16 2 1
leaflock/handlers/import_export.go:299.16,301.3 1 0
leaflock/handlers/import_export.go:303.2,304.16 2 1
leaflock/handlers/import_export.go:304.16,306.3 1 0
leaflock/handlers/import_export.go:308.2,313.16 4 1
leaflock/handlers/import_export.go:313.16,315.3 1 0
leaflock/handlers/import_export.go:317.2,323.4 1 1
leaflock/handlers/import_export.go:337.62,342.43 4 1
leaflock/handlers/import_export.go:342.43,344.3 1 1
leaflock/handlers/import_export.go:346.2,346.25 1 1
leaflock/handlers/import_export.go:346.25,348.3 1 1
leaflock/handlers/import_export.go:351.2,352.33 2 1
leaflock/handlers/import_export.go:352.33,354.3 1 1
leaflock/handlers/import_export.go:356.2,356.63 1 1
leaflock/handlers/import_export.go:356.63,358.3 1 0
leaflock/handlers/import_export.go:361.2,363.16 3 1
leaflock/handlers/import_export.go:363.16,365.3 1 0
leaflock/handlers/import_export.go:367.2,371.33 4 1
leaflock/handlers/import_export.go:371.33,373.72 1 1
leaflock/handlers/import_export.go:373.72,379.12 2 1
leaflock/handlers/import_export.go:383.3,384.18 2 1
leaflock/handlers/import_export.go:384.18,386.4 1 1
leaflock/handlers/import_export.go:387.3,387.18 1 1
leaflock/handlers/import_export.go:387.18,389.4 1 0
leaflock/handlers/import_export.go:390.3,390.18 1 1
leaflock/handlers/import_export.go:390.18,392.4 1 0
leaflock/handlers/import_export.go:395.3,396.17 2 1
leaflock/handlers/import_export.go:396.17,402.12 2 0
leaflock/handlers/import_export.go:406.3,407.17 2 1
leaflock/handlers/import_export.go:407.17,413.12 2 0
leaflock/handlers/import_export.go:416.3,417.17 2 1
leaflock/handlers/import_export.go:417.17,423.12 2 0
leaflock/handlers/import_export.go:426.3,434.17 4 1
leaflock/handlers/import_export.go:434.17,440.12 2 0
leaflock/handlers/import_export.go:444.3,450.5 2 1
leaflock/handlers/import_export.go:454.2,454.27 1 1
leaflock/handlers/import_export.go:454.27,455.73 1 1
leaflock/handlers/import_export.go:455.73,458.4 1 0
leaflock/handlers/import_export.go:461.2,466.4 1 1
leaflock/handlers/import_export.go:470.61,471.16 1 1
leaflock/handlers/import_export.go:472.18,474.30 2 1
leaflock/handlers/import_export.go:474.30,476.37 2 1
leaflock/handlers/import_export.go:476.37,478.5 1 1
leaflock/handlers/import_export.go:480.14,484.23 3 1
leaflock/handlers/import_export.go:484.23,486.4 1 0
leaflock/handlers/import_export.go:488.3,490.23 3 1
leaflock/handlers/import_export.go:490.23,492.4 1 1
leaflock/handlers/import_export.go:493.14,495.30 2 1
leaflock/handlers/import_export.go:495.30,497.18 2 1
leaflock/handlers/import_export.go:497.18,498.23 1 1
leaflock/handlers/import_export.go:498.23,500.6 1 0
leaflock/handlers/import_export.go:501.5,501.16 1 1
leaflock/handlers/import_export.go:504.14,506.64 2 1
leaflock/handlers/import_export.go:506.64,507.47 1 1
leaflock/handlers/import_export.go:507.47,509.5 1 1
leaflock/handlers/import_export.go:512.2,512.11 1 0
leaflock/handlers/import_export.go:515.64,516.16 1 1
leaflock/handlers/import_export.go:517.18,518.22 1 1
leaflock/handlers/import_export.go:519.14,521.56 1 1
leaflock/handlers/import_export.go:522.14,531.41 7 0
leaflock/handlers/import_export.go:532.14,534.64 2 1
leaflock/handlers/import_export.go:534.64,536.4 1 0
leaflock/handlers/import_export.go:538.3,538.58 1 1
leaflock/handlers/import_export.go:538.58,540.4 1 1
leaflock/handlers/import_export.go:541.3,541.51 1 0
leaflock/handlers/import_export.go:541.51,543.4 1 0
leaflock/handlers/import_export.go:546.3,547.56 2 0
leaflock/handlers/import_export.go:548.10,549.58 1 1
leaflock/handlers/import_export.go:553.113,554.16 1 1
leaflock/handlers/import_export.go:555.18,556.39 1 1
leaflock/handlers/import_export.go:557.14,564.33 6 1
leaflock/handlers/import_export.go:565.14,590.36 13 1
leaflock/handlers/import_export.go:591.14,600.17 3 1
leaflock/handlers/import_export.go:600.17,602.4 1 0
leaflock/handlers/import_export.go:603.3,603.52 1 1
leaflock/handlers/import_export.go:604.10,605.62 1 1
leaflock/handlers/import_export.go:609.52,615.24 4 1
leaflock/handlers/import_export.go:615.24,617.3 1 1
leaflock/handlers/import_export.go:619.2,619.20 1 1
leaflock/handlers/import_export.go:619.20,621.3 1 1
leaflock/handlers/import_export.go:623.2,623.16 1 1
leaflock/handlers/import_export.go:624.18,625.26 1 1
leaflock/handlers/import_export.go:626.14,627.27 1 1
leaflock/handlers/import_export.go:628.14,629.28 1 0
leaflock/handlers/import_export.go:630.14,631.28 1 1
leaflock/handlers/import_export.go:632.10,633.27 1 0
leaflock/handlers/note_links.go:19.66,21.2 1 1
leaflock/handlers/note_links.go:43.63,48.43 4 1
leaflock/handlers/note_links.go:48.43,50.3 1 1
leaflock/handlers/note_links.go:53.2,54.16 2 1
leaflock/handlers/note_links.go:54.16,56.3 1 1
leaflock/handlers/note_links.go:57.2,58.16 2 1
leaflock/handlers/note_links.go:58.16,60.3 1 1
leaflock/handlers/note_links.go:63.2,73.26 4 1
leaflock/handlers/note_links.go:73.26,75.3 1 1
leaflock/handlers/note_links.go:75.8,75.23 1 1
leaflock/handlers/note_links.go:75.23,77.3 1 0
leaflock/handlers/note_links.go:78.2,78.29 1 1
leaflock/handlers/note_links.go:78.29,80.3 1 0
leaflock/handlers/note_links.go:83.2,90.26 3 1
leaflock/handlers/note_links.go:90.26,92.3 1 0
leaflock/handlers/note_links.go:92.8,92.23 1 1
leaflock/handlers/note_links.go:92.23,94.3 1 0
leaflock/handlers/note_links.go:95.2,95.29 1 1
leaflock/handlers/note_links.go:95.29,97.3 1 0
leaflock/handlers/note_links.go:100.2,109.16 4 1
leaflock/handlers/note_links.go:109.16,111.3 1 0
leaflock/handlers/note_links.go:114.2,120.4 1 1
leaflock/handlers/note_links.go:125.61,130.16 4 1
leaflock/handlers/note_links.go:130.16,132.3 1 1
leaflock/handlers/note_links.go:135.2,143.26 4 1
leaflock/handlers/note_links.go:143.26,145.3 1 1
leaflock/handlers/note_links.go:145.8,145.23 1 0
leaflock/handlers/note_links.go:145.23,147.3 1 0
leaflock/handlers/note_links.go:148.2,148.23 1 0
leaflock/handlers/note_links.go:148.23,150.3 1 0
leaflock/handlers/note_links.go:153.2,159.16 2 0
leaflock/handlers/note_links.go:159.16,161.3 1 0
leaflock/handlers/note_links.go:162.2,165.18 3 0
leaflock/handlers/note_links.go:165.18,167.118 2 0
leaflock/handlers/note_links.go:167.118,169.4 1 0
leaflock/handlers/note_links.go:170.3,170.30 1 0
leaflock/handlers/note_links.go:174.2,176.4 1 0
leaflock/handlers/note_links.go:181.65,186.16 4 1
leaflock/handlers/note_links.go:186.16,188.3 1 1
leaflock/handlers/note_links.go:191.2,199.26 4 0
leaflock/handlers/note_links.go:199.26,201.3 1 0
leaflock/handlers/note_links.go:201.8,201.23 1 0
leaflock/handlers/note_links.go:201.23,203.3 1 0
leaflock/handlers/note_links.go:204.2,204.23 1 0
leaflock/handlers/note_links.go:204.23,206.3 1 0
leaflock/handlers/note_links.go:209.2,217.16 2 0
leaflock/handlers/note_links.go:217.16,219.3 1 0
leaflock/handlers/note_links.go:220.2,228.18 4 0
leaflock/handlers/note_links.go:228.18,231.119 3 0
leaflock/handlers/note_links.go:231.119,233.4 1 0
leaflock/handlers/note_links.go:234.3,235.36 2 0
leaflock/handlers/note_links.go:239.2,241.4 1 0
leaflock/handlers/note_links.go:246.63,252.16 5 1
leaflock/handlers/note_links.go:252.16,254.3 1 1
leaflock/handlers/note_links.go:256.2,257.16 2 1
leaflock/handlers/note_links.go:257.16,259.3 1 0
leaflock/handlers/note_links.go:262.2,271.26 4 1
leaflock/handlers/note_links.go:271.26,273.3 1 1
leaflock/handlers/note_links.go:273.8,273.23 1 0
leaflock/handlers/note_links.go:273.23,275.3 1 0
leaflock/handlers/note_links.go:277.2,277.28 1 0
leaflock/handlers/note_links.go:277.28,279.3 1 0
leaflock/handlers/note_links.go:282.2,285.16 2 0
leaflock/handlers/note_links.go:285.16,287.3 1 0
leaflock/handlers/note_links.go:290.2,292.4 1 0
leaflock/handlers/note_links.go:297.70,306.17 6 1
leaflock/handlers/note_links.go:306.17,315.3 1 1
leaflock/handlers/note_links.go:315.8,324.3 1 0
leaflock/handlers/note_links.go:326.2,326.16 1 1
leaflock/handlers/note_links.go:326.16,328.3 1 0
leaflock/handlers/note_links.go:329.2,332.18 3 1
leaflock/handlers/note_links.go:332.18,335.56 3 0
leaflock/handlers/note_links.go:335.56,337.4 1 0
leaflock/handlers/note_links.go:338.3,339.30 2 0
leaflock/handlers/note_links.go:343.2,345.4 1 1
leaflock/handlers/notes.go:27.95,32.2 1 1
leaflock/handlers/notes.go:58.53,65.16 5 1
leaflock/handlers/notes.go:65.16,67.3 1 0
leaflock/handlers/notes.go:70.2,77.16 2 1
leaflock/handlers/notes.go:77.16,79.3 1 0
leaflock/handlers/notes.go:80.2,83.18 3 1
leaflock/handlers/notes.go:83.18,88.88 4 1
leaflock/handlers/notes.go:88.88,89.12 1 0
leaflock/handlers/notes.go:92.3,99.5 1 1
leaflock/handlers/notes.go:102.2,102.42 1 1
leaflock/handlers/notes.go:116.52,119.16 3 1
leaflock/handlers/notes.go:119.16,121.3 1 1
leaflock/handlers/notes.go:123.2,135.16 6 1
leaflock/handlers/notes.go:135.16,137.3 1 0
leaflock/handlers/notes.go:139.2,146.4 1 1
leaflock/handlers/notes.go:161.55,164.43 3 1
leaflock/handlers/notes.go:164.43,166.3 1 0
leaflock/handlers/notes.go:168.2,173.16 4 1
leaflock/handlers/notes.go:173.16,175.3 1 0
leaflock/handlers/notes.go:178.2,179.16 2 1
leaflock/handlers/notes.go:179.16,181.3 1 0
leaflock/handlers/notes.go:183.2,184.16 2 1
leaflock/handlers/notes.go:184.16,186.3 1 0
leaflock/handlers/notes.go:189.2,204.16 4 1
leaflock/handlers/notes.go:204.16,206.3 1 0
leaflock/handlers/notes.go:209.2,213.18 4 1
leaflock/handlers/notes.go:213.18,215.3 1 1
leaflock/handlers/notes.go:217.2,226.60 2 1
leaflock/handlers/notes.go:243.55,246.16 3 1
leaflock/handlers/notes.go:246.16,248.3 1 1
leaflock/handlers/notes.go:250.2,251.43 2 1
leaflock/handlers/notes.go:251.43,253.3 1 1
leaflock/handlers/notes.go:255.2,259.16 3 1
leaflock/handlers/notes.go:259.16,261.3 1 0
leaflock/handlers/notes.go:263.2,264.16 2 1
leaflock/handlers/notes.go:264.16,266.3 1 0
leaflock/handlers/notes.go:269.2,273.16 3 1
leaflock/handlers/notes.go:273.16,275.3 1 0
leaflock/handlers/notes.go:276.2,276.15 1 1
leaflock/handlers/notes.go:276.15,278.3 1 1
leaflock/handlers/notes.go:281.2,295.16 3 1
leaflock/handlers/notes.go:295.16,297.3 1 1
leaflock/handlers/notes.go:300.2,305.16 2 0
leaflock/handlers/notes.go:305.16,307.3 1 0
leaflock/handlers/notes.go:310.2,319.16 3 0
leaflock/handlers/notes.go:319.16,320.36 1 0
leaflock/handlers/notes.go:320.36,322.4 1 0
leaflock/handlers/notes.go:323.3,323.73 1 0
leaflock/handlers/notes.go:327.2,328.16 2 0
leaflock/handlers/notes.go:328.16,330.3 1 0
leaflock/handlers/notes.go:333.2,337.18 4 0
leaflock/handlers/notes.go:337.18,339.3 1 0
leaflock/handlers/notes.go:341.2,350.48 2 0
leaflock/handlers/notes.go:365.55,368.16 3 1
leaflock/handlers/notes.go:368.16,370.3 1 0
leaflock/handlers/notes.go:372.2,382.16 3 1
leaflock/handlers/notes.go:382.16,384.3 1 0
leaflock/handlers/notes.go:386.2,386.32 1 1
leaflock/handlers/notes.go:386.32,388.3 1 1
leaflock/handlers/notes.go:391.2,394.73 3 1
leaflock/handlers/notes.go:406.53,413.16 5 1
leaflock/handlers/notes.go:413.16,415.3 1 0
leaflock/handlers/notes.go:418.2,425.16 2 1
leaflock/handlers/notes.go:425.16,427.3 1 0
leaflock/handlers/notes.go:428.2,431.18 3 1
leaflock/handlers/notes.go:431.18,436.88 4 0
leaflock/handlers/notes.go:436.88,437.12 1 0
leaflock/handlers/notes.go:440.3,447.5 1 0
leaflock/handlers/notes.go:450.2,450.49 1 1
leaflock/handlers/notes.go:465.56,468.16 3 1
leaflock/handlers/notes.go:468.16,470.3 1 0
leaflock/handlers/notes.go:472.2,482.16 3 1
leaflock/handlers/notes.go:482.16,484.3 1 0
leaflock/handlers/notes.go:486.2,486.32 1 1
leaflock/handlers/notes.go:486.32,488.3 1 0
leaflock/handlers/notes.go:490.2,490.67 1 1
leaflock/handlers/notes.go:504.60,507.16 3 1
leaflock/handlers/notes.go:507.16,509.3 1 1
leaflock/handlers/notes.go:511.2,524.16 3 1
leaflock/handlers/notes.go:524.16,526.3 1 0
leaflock/handlers/notes.go:527.2,530.18 3 1
leaflock/handlers/notes.go:530.18,537.17 6 0
leaflock/handlers/notes.go:537.17,539.4 1 0
leaflock/handlers/notes.go:541.3,546.5 1 0
leaflock/handlers/notes.go:549.2,549.48 1 1
leaflock/handlers/notes.go:565.63,568.16 3 1
leaflock/handlers/notes.go:568.16,570.3 1 1
leaflock/handlers/notes.go:572.2,573.16 2 0
leaflock/handlers/notes.go:573.16,575.3 1 0
leaflock/handlers/notes.go:577.2,581.16 3 0
leaflock/handlers/notes.go:581.16,583.3 1 0
leaflock/handlers/notes.go:584.2,584.15 1 0
leaflock/handlers/notes.go:584.15,586.3 1 0
leaflock/handlers/notes.go:589.2,598.16 3 0
leaflock/handlers/notes.go:598.16,600.3 1 0
leaflock/handlers/notes.go:603.2,612.16 4 0
leaflock/handlers/notes.go:612.16,614.3 1 0
leaflock/handlers/notes.go:617.2,622.16 2 0
leaflock/handlers/notes.go:622.16,624.3 1 0
leaflock/handlers/notes.go:627.2,634.16 2 0
leaflock/handlers/notes.go:634.16,636.3 1 0
leaflock/handlers/notes.go:638.2,638.32 1 0
leaflock/handlers/notes.go:638.32,640.3 1 0
leaflock/handlers/notes.go:643.2,644.16 2 0
leaflock/handlers/notes.go:644.16,646.3 1 0
leaflock/handlers/notes.go:648.2,648.96 1 0
leaflock/handlers/notes.go:665.64,668.16 3 1
leaflock/handlers/notes.go:668.16,670.3 1 1
leaflock/handlers/notes.go:672.2,673.16 2 0
leaflock/handlers/notes.go:673.16,675.3 1 0
leaflock/handlers/notes.go:677.2,678.16 2 0
leaflock/handlers/notes.go:678.16,680.3 1 0
leaflock/handlers/notes.go:682.2,695.16 3 0
leaflock/handlers/notes.go:695.16,697.3 1 0
leaflock/handlers/notes.go:698.2,701.18 3 0
leaflock/handlers/notes.go:701.18,708.17 6 0
leaflock/handlers/notes.go:708.17,710.4 1 0
leaflock/handlers/notes.go:712.3,718.5 1 0
leaflock/handlers/notes.go:721.2,721.24 1 0
leaflock/handlers/notes.go:721.24,723.3 1 0
leaflock/handlers/notes.go:725.2,728.4 1 0
leaflock/handlers/notes.go:744.62,747.16 3 1
leaflock/handlers/notes.go:747.16,749.3 1 1
leaflock/handlers/notes.go:751.2,752.16 2 0
leaflock/handlers/notes.go:752.16,754.3 1 0
leaflock/handlers/notes.go:756.2,766.16 3 0
leaflock/handlers/notes.go:766.16,768.3 1 0
leaflock/handlers/notes.go:770.2,770.32 1 0
leaflock/handlers/notes.go:770.32,772.3 1 0
leaflock/handlers/notes.go:774.2,774.69 1 0
leaflock/handlers/notes.go:791.66,794.16 3 1
leaflock/handlers/notes.go:794.16,796.3 1 1
leaflock/handlers/notes.go:798.2,801.43 2 0
leaflock/handlers/notes.go:801.43,803.3 1 0
leaflock/handlers/notes.go:806.2,806.89 1 0
leaflock/handlers/notes.go:806.89,808.3 1 0
leaflock/handlers/notes.go:810.2,820.16 3 0
leaflock/handlers/notes.go:820.16,822.3 1 0
leaflock/handlers/notes.go:824.2,824.32 1 0
leaflock/handlers/notes.go:824.32,826.3 1 0
leaflock/handlers/notes.go:829.2,839.16 2 0
leaflock/handlers/notes.go:839.17,841.3 0 0
leaflock/handlers/notes.go:843.2,846.4 1 0
leaflock/handlers/notes.go:861.60,867.43 3 1
leaflock/handlers/notes.go:867.43,869.3 1 1
leaflock/handlers/notes.go:871.2,871.27 1 1
leaflock/handlers/notes.go:871.27,873.3 1 0
leaflock/handlers/notes.go:875.2,882.51 6 1
leaflock/handlers/notes.go:882.51,884.29 2 1
leaflock/handlers/notes.go:884.29,886.4 1 1
leaflock/handlers/notes.go:887.3,891.31 3 1
leaflock/handlers/notes.go:891.31,893.18 2 1
leaflock/handlers/notes.go:893.18,896.13 3 0
leaflock/handlers/notes.go:898.4,898.37 1 1
leaflock/handlers/notes.go:902.3,902.36 1 1
leaflock/handlers/notes.go:902.36,910.18 2 1
leaflock/handlers/notes.go:910.18,913.13 3 0
leaflock/handlers/notes.go:916.4,916.33 1 1
leaflock/handlers/notes.go:916.33,918.5 1 0
leaflock/handlers/notes.go:918.10,920.5 1 1
leaflock/handlers/notes.go:924.2,930.4 1 1
leaflock/handlers/notes.go:945.61,951.43 3 1
leaflock/handlers/notes.go:951.43,953.3 1 1
leaflock/handlers/notes.go:955.2,955.27 1 1
leaflock/handlers/notes.go:955.27,957.3 1 0
leaflock/handlers/notes.go:959.2,966.51 6 1
leaflock/handlers/notes.go:966.51,968.29 2 1
leaflock/handlers/notes.go:968.29,970.4 1 1
leaflock/handlers/notes.go:971.3,974.31 2 1
leaflock/handlers/notes.go:974.31,976.18 2 1
leaflock/handlers/notes.go:976.18,979.13 3 0
leaflock/handlers/notes.go:982.4,989.18 2 1
leaflock/handlers/notes.go:989.18,992.13 3 0
leaflock/handlers/notes.go:995.4,995.33 1 1
leaflock/handlers/notes.go:995.33,997.5 1 0
leaflock/handlers/notes.go:997.10,999.5 1 1
leaflock/handlers/notes.go:1003.2,1009.4 1 1
leaflock/handlers/notes.go:1024.71,1030.43 3 0
leaflock/handlers/notes.go:1030.43,1032.3 1 0
leaflock/handlers/notes.go:1034.2,1034.27 1 0
leaflock/handlers/notes.go:1034.27,1036.3 1 0
leaflock/handlers/notes.go:1038.2,1045.51 6 0
leaflock/handlers/notes.go:1045.51,1047.29 2 0
leaflock/handlers/notes.go:1047.29,1049.4 1 0
leaflock/handlers/notes.go:1050.3,1053.31 2 0
leaflock/handlers/notes.go:1053.31,1055.18 2 0
leaflock/handlers/notes.go:1055.18,1058.13 3 0
leaflock/handlers/notes.go:1061.4,1067.18 2 0
leaflock/handlers/notes.go:1067.18,1070.13 3 0
leaflock/handlers/notes.go:1073.4,1073.33 1 0
leaflock/handlers/notes.go:1073.33,1075.5 1 0
leaflock/handlers/notes.go:1075.10,1077.5 1 0
leaflock/handlers/notes.go:1081.2,1087.4 1 0
leaflock/handlers/notes.go:1102.66,1105.16 3 0
leaflock/handlers/notes.go:1105.16,1107.3 1 0
leaflock/handlers/notes.go:1109.2,1118.16 3 0
leaflock/handlers/notes.go:1118.16,1120.3 1 0
leaflock/handlers/notes.go:1122.2,1122.32 1 0
leaflock/handlers/notes.go:1122.32,1124.3 1 0
leaflock/handlers/notes.go:1126.2,1126.78 1 0
leaflock/handlers/search.go:11.40,13.2 1 1
leaflock/handlers/search.go:17.57,22.2 1 1
leaflock/handlers/settings.go:21.64,23.2 1 1
leaflock/handlers/settings.go:69.59,71.22 2 1
leaflock/handlers/settings.go:71.22,73.3 1 1
leaflock/handlers/settings.go:75.2,76.9 2 1
leaflock/handlers/settings.go:76.9,78.3 1 1
leaflock/handlers/settings.go:80.2,112.26 4 1
leaflock/handlers/settings.go:112.26,114.3 1 1
leaflock/handlers/settings.go:115.2,115.16 1 1
leaflock/handlers/settings.go:115.16,117.3 1 1
leaflock/handlers/settings.go:119.2,119.25 1 1
leaflock/handlers/settings.go:135.62,137.22 2 1
leaflock/handlers/settings.go:137.22,139.3 1 1
leaflock/handlers/settings.go:141.2,142.9 2 1
leaflock/handlers/settings.go:142.9,144.3 1 0
leaflock/handlers/settings.go:146.2,147.43 2 1
leaflock/handlers/settings.go:147.43,149.3 1 1
leaflock/handlers/settings.go:152.2,156.22 4 1
leaflock/handlers/settings.go:156.22,163.31 2 1
leaflock/handlers/settings.go:163.31,167.4 1 0
leaflock/handlers/settings.go:168.3,170.13 3 1
leaflock/handlers/settings.go:173.2,173.25 1 1
leaflock/handlers/settings.go:173.25,177.3 3 1
leaflock/handlers/settings.go:179.2,179.33 1 1
leaflock/handlers/settings.go:179.33,180.63 1 0
leaflock/handlers/settings.go:180.63,184.4 1 0
leaflock/handlers/settings.go:185.3,187.13 3 0
leaflock/handlers/settings.go:190.2,190.28 1 1
leaflock/handlers/settings.go:190.28,192.36 2 0
leaflock/handlers/settings.go:192.36,196.4 1 0
leaflock/handlers/settings.go:197.3,199.13 3 0
leaflock/handlers/settings.go:202.2,202.37 1 1
leaflock/handlers/settings.go:202.37,206.3 3 0
leaflock/handlers/settings.go:208.2,208.35 1 1
leaflock/handlers/settings.go:208.35,212.3 3 0
leaflock/handlers/settings.go:214.2,214.34 1 1
leaflock/handlers/settings.go:214.34,218.3 3 0
leaflock/handlers/settings.go:220.2,220.25 1 1
leaflock/handlers/settings.go:220.25,222.37 2 0
leaflock/handlers/settings.go:222.37,226.4 1 0
leaflock/handlers/settings.go:227.3,229.13 3 0
leaflock/handlers/settings.go:232.2,232.36 1 1
leaflock/handlers/settings.go:232.36,234.48 2 0
leaflock/handlers/settings.go:234.48,238.4 1 0
leaflock/handlers/settings.go:239.3,241.13 3 0
leaflock/handlers/settings.go:244.2,244.31 1 1
leaflock/handlers/settings.go:244.31,246.43 2 0
leaflock/handlers/settings.go:246.43,250.4 1 0
leaflock/handlers/settings.go:251.3,257.13 6 0
leaflock/handlers/settings.go:260.2,260.24 1 1
leaflock/handlers/settings.go:260.24,262.3 1 0
leaflock/handlers/settings.go:265.2,277.16 6 1
leaflock/handlers/settings.go:277.16,279.3 1 1
leaflock/handlers/settings.go:282.2,282.25 1 1
leaflock/handlers/share_links.go:30.124,36.2 1 1
leaflock/handlers/share_links.go:75.65,78.16 3 1
leaflock/handlers/share_links.go:78.16,80.3 1 1
leaflock/handlers/share_links.go:82.2,85.43 3 1
leaflock/handlers/share_links.go:85.43,87.3 1 1
leaflock/handlers/share_links.go:90.2,98.31 3 1
leaflock/handlers/share_links.go:98.31,100.3 1 1
leaflock/handlers/share_links.go:103.2,104.16 2 1
leaflock/handlers/share_links.go:104.16,107.3 2 0
leaflock/handlers/share_links.go:110.2,111.26 2 1
leaflock/handlers/share_links.go:111.26,113.17 2 1
leaflock/handlers/share_links.go:113.17,115.4 1 1
leaflock/handlers/share_links.go:116.3,117.22 2 1
leaflock/handlers/share_links.go:121.2,122.48 2 1
leaflock/handlers/share_links.go:122.48,124.44 2 0
leaflock/handlers/share_links.go:124.44,127.4 2 0
leaflock/handlers/share_links.go:128.3,129.23 2 0
leaflock/handlers/share_links.go:133.2,142.16 4 1
leaflock/handlers/share_links.go:142.16,145.3 2 0
leaflock/handlers/share_links.go:148.2,155.22 2 1
leaflock/handlers/share_links.go:155.22,157.3 1 1
leaflock/handlers/share_links.go:158.2,158.24 1 1
leaflock/handlers/share_links.go:158.24,160.3 1 1
leaflock/handlers/share_links.go:162.2,162.81 1 1
leaflock/handlers/share_links.go:162.81,165.3 1 1
leaflock/handlers/share_links.go:168.2,187.22 3 1
leaflock/handlers/share_links.go:187.22,190.3 2 1
leaflock/handlers/share_links.go:192.2,192.37 1 1
leaflock/handlers/share_links.go:206.67,209.16 3 1
leaflock/handlers/share_links.go:209.16,211.3 1 1
leaflock/handlers/share_links.go:213.2,224.31 4 1
leaflock/handlers/share_links.go:224.31,226.3 1 1
leaflock/handlers/share_links.go:229.2,236.16 2 1
leaflock/handlers/share_links.go:236.16,238.3 1 0
leaflock/handlers/share_links.go:239.2,242.18 3 1
leaflock/handlers/share_links.go:242.18,249.96 5 0
leaflock/handlers/share_links.go:249.96,250.12 1 0
leaflock/handlers/share_links.go:253.3,258.23 5 0
leaflock/handlers/share_links.go:258.23,261.4 2 0
leaflock/handlers/share_links.go:262.3,262.28 1 0
leaflock/handlers/share_links.go:262.28,265.4 2 0
leaflock/handlers/share_links.go:267.3,267.30 1 0
leaflock/handlers/share_links.go:270.2,270.48 1 1
leaflock/handlers/share_links.go:281.70,296.16 4 0
leaflock/handlers/share_links.go:296.16,298.3 1 0
leaflock/handlers/share_links.go:299.2,302.18 3 0
leaflock/handlers/share_links.go:302.18,314.45 9 0
leaflock/handlers/share_links.go:314.45,315.12 1 0
leaflock/handlers/share_links.go:319.3,320.17 2 0
leaflock/handlers/share_links.go:320.17,322.4 1 0
leaflock/handlers/share_links.go:324.3,337.23 2 0
leaflock/handlers/share_links.go:337.23,339.4 1 0
leaflock/handlers/share_links.go:340.3,340.21 1 0
leaflock/handlers/share_links.go:340.21,342.4 1 0
leaflock/handlers/share_links.go:343.3,343.28 1 0
leaflock/handlers/share_links.go:343.28,345.4 1 0
leaflock/handlers/share_links.go:347.3,347.34 1 0
leaflock/handlers/share_links.go:350.2,350.48 1 0
leaflock/handlers/share_links.go:362.65,374.16 5 1
leaflock/handlers/share_links.go:374.16,376.3 1 0
leaflock/handlers/share_links.go:378.2,378.32 1 1
leaflock/handlers/share_links.go:378.32,380.3 1 1
leaflock/handlers/share_links.go:383.2,383.75 1 1
leaflock/handlers/share_links.go:383.75,385.3 1 1
leaflock/handlers/share_links.go:388.2,390.72 2 1
leaflock/handlers/share_links.go:405.65,411.43 5 0
leaflock/handlers/share_links.go:411.43,413.3 1 0
leaflock/handlers/share_links.go:416.2,420.53 4 0
leaflock/handlers/share_links.go:420.53,422.17 2 0
leaflock/handlers/share_links.go:422.17,424.4 1 0
leaflock/handlers/share_links.go:425.3,428.11 4 0
leaflock/handlers/share_links.go:431.2,431.54 1 0
leaflock/handlers/share_links.go:431.54,432.52 1 0
leaflock/handlers/share_links.go:432.52,434.4 1 0
leaflock/handlers/share_links.go:435.3,436.34 2 0
leaflock/handlers/share_links.go:439.2,439.23 1 0
leaflock/handlers/share_links.go:439.23,441.3 1 0
leaflock/handlers/share_links.go:444.2,451.16 3 0
leaflock/handlers/share_links.go:451.16,453.3 1 0
leaflock/handlers/share_links.go:455.2,455.32 1 0
leaflock/handlers/share_links.go:455.32,457.3 1 0
leaflock/handlers/share_links.go:460.2,460.75 1 0
leaflock/handlers/share_links.go:460.75,462.3 1 0
leaflock/handlers/share_links.go:465.2,467.72 2 0
leaflock/handlers/share_links.go:472.55,473.13 1 1
leaflock/handlers/share_links.go:474.12,475.24 1 0
leaflock/handlers/share_links.go:476.19,477.29 1 1
leaflock/handlers/share_links.go:478.12,479.33 1 0
leaflock/handlers/share_links.go:480.13,481.34 1 0
leaflock/handlers/share_links.go:482.10,483.52 1 1
leaflock/handlers/share_links.go:487.55,489.28 2 1
leaflock/handlers/share_links.go:489.28,491.3 1 1
leaflock/handlers/share_links.go:492.2,493.61 2 1
leaflock/handlers/share_links.go:506.63,524.16 8 0
leaflock/handlers/share_links.go:524.16,526.3 1 0
leaflock/handlers/share_links.go:529.2,542.4 3 0
leaflock/handlers/share_links.go:545.91,549.16 3 1
leaflock/handlers/share_links.go:549.16,551.3 1 0
leaflock/handlers/share_links.go:553.2,557.16 1 1
leaflock/handlers/share_links.go:557.16,559.3 1 0
leaflock/handlers/tags.go:25.93,27.2 1 1
leaflock/handlers/tags.go:38.51,48.16 4 1
leaflock/handlers/tags.go:48.16,50.3 1 0
leaflock/handlers/tags.go:51.2,54.18 3 1
leaflock/handlers/tags.go:54.18,63.82 2 1
leaflock/handlers/tags.go:63.82,64.12 1 0
leaflock/handlers/tags.go:67.3,68.17 2 1
leaflock/handlers/tags.go:68.17,69.12 1 0
leaflock/handlers/tags.go:72.3,78.5 1 1
leaflock/handlers/tags.go:81.2,81.40 1 1
leaflock/handlers/tags.go:84.53,87.43 3 1
leaflock/handlers/tags.go:87.43,89.3 1 0
leaflock/handlers/tags.go:91.2,91.58 1 1
leaflock/handlers/tags.go:91.58,93.3 1 0
leaflock/handlers/tags.go:94.2,94.21 1 1
leaflock/handlers/tags.go:94.21,96.3 1 0
leaflock/handlers/tags.go:98.2,99.26 2 1
leaflock/handlers/tags.go:99.26,101.3 1 0
leaflock/handlers/tags.go:103.2,104.16 2 1
leaflock/handlers/tags.go:104.16,106.3 1 0
leaflock/handlers/tags.go:108.2,119.16 7 1
leaflock/handlers/tags.go:119.16,120.111 1 0
leaflock/handlers/tags.go:120.111,122.4 1 0
leaflock/handlers/tags.go:123.3,123.72 1 0
leaflock/handlers/tags.go:126.2,126.90 1 1
leaflock/handlers/tags.go:129.53,132.16 3 0
leaflock/handlers/tags.go:132.16,134.3 1 0
leaflock/handlers/tags.go:136.2,141.16 3 0
leaflock/handlers/tags.go:141.16,143.3 1 0
leaflock/handlers/tags.go:144.2,144.32 1 0
leaflock/handlers/tags.go:144.32,146.3 1 0
leaflock/handlers/tags.go:148.2,148.65 1 0
leaflock/handlers/tags.go:151.59,154.16 3 0
leaflock/handlers/tags.go:154.16,156.3 1 0
leaflock/handlers/tags.go:158.2,159.43 2 0
leaflock/handlers/tags.go:159.43,161.3 1 0
leaflock/handlers/tags.go:163.2,164.16 2 0
leaflock/handlers/tags.go:164.16,166.3 1 0
leaflock/handlers/tags.go:168.2,173.16 4 0
leaflock/handlers/tags.go:173.16,175.3 1 0
leaflock/handlers/tags.go:177.2,182.16 2 0
leaflock/handlers/tags.go:182.16,184.3 1 0
leaflock/handlers/tags.go:186.2,186.66 1 0
leaflock/handlers/tags.go:189.61,192.16 3 0
leaflock/handlers/tags.go:192.16,194.3 1 0
leaflock/handlers/tags.go:196.2,197.16 2 0
leaflock/handlers/tags.go:197.16,199.3 1 0
leaflock/handlers/tags.go:201.2,213.16 3 0
leaflock/handlers/tags.go:213.16,215.3 1 0
leaflock/handlers/tags.go:216.2,216.32 1 0
leaflock/handlers/tags.go:216.32,218.3 1 0
leaflock/handlers/tags.go:220.2,220.65 1 0
leaflock/handlers/tags.go:223.57,226.16 3 0
leaflock/handlers/tags.go:226.16,228.3 1 0
leaflock/handlers/tags.go:230.2,240.16 3 0
leaflock/handlers/tags.go:240.16,242.3 1 0
leaflock/handlers/tags.go:243.2,246.18 3 0
leaflock/handlers/tags.go:246.18,255.88 2 0
leaflock/handlers/tags.go:255.88,256.12 1 0
leaflock/handlers/tags.go:259.3,266.5 1 0
leaflock/handlers/tags.go:269.2,269.42 1 0
leaflock/handlers/templates.go:23.103,25.2 1 1
leaflock/handlers/templates.go:50.61,60.16 4 1
leaflock/handlers/templates.go:60.16,62.3 1 0
leaflock/handlers/templates.go:63.2,66.18 3 1
leaflock/handlers/templates.go:66.18,77.17 10 1
leaflock/handlers/templates.go:77.17,78.12 1 0
leaflock/handlers/templates.go:82.3,83.17 2 1
leaflock/handlers/templates.go:83.17,84.12 1 0
leaflock/handlers/templates.go:86.3,89.36 3 1
leaflock/handlers/templates.go:89.36,91.18 2 1
leaflock/handlers/templates.go:91.18,93.5 1 1
leaflock/handlers/templates.go:97.3,109.20 2 1
leaflock/handlers/templates.go:109.20,111.4 1 1
leaflock/handlers/templates.go:111.9,113.4 1 1
leaflock/handlers/templates.go:115.3,115.42 1 1
leaflock/handlers/templates.go:118.2,118.50 1 1
leaflock/handlers/templates.go:121.60,124.16 3 1
leaflock/handlers/templates.go:124.16,126.3 1 1
leaflock/handlers/templates.go:128.2,142.16 10 1
leaflock/handlers/templates.go:142.16,144.3 1 1
leaflock/handlers/templates.go:147.2,148.16 2 1
leaflock/handlers/templates.go:148.16,150.3 1 0
leaflock/handlers/templates.go:151.2,154.35 3 1
leaflock/handlers/templates.go:154.35,156.17 2 1
leaflock/handlers/templates.go:156.17,158.4 1 1
leaflock/handlers/templates.go:161.2,162.16 2 1
leaflock/handlers/templates.go:162.16,164.3 1 0
leaflock/handlers/templates.go:165.2,180.19 3 1
leaflock/handlers/templates.go:180.19,182.3 1 1
leaflock/handlers/templates.go:182.8,184.3 1 0
leaflock/handlers/templates.go:186.2,186.25 1 1
leaflock/handlers/templates.go:189.63,193.43 3 1
leaflock/handlers/templates.go:193.43,195.3 1 0
leaflock/handlers/templates.go:198.2,199.16 2 1
leaflock/handlers/templates.go:199.16,201.3 1 0
leaflock/handlers/templates.go:203.2,204.27 2 1
leaflock/handlers/templates.go:204.27,206.17 2 1
leaflock/handlers/templates.go:206.17,208.4 1 0
leaflock/handlers/templates.go:211.2,212.16 2 1
leaflock/handlers/templates.go:212.16,214.3 1 0
leaflock/handlers/templates.go:217.2,218.16 2 1
leaflock/handlers/templates.go:218.16,220.3 1 0
leaflock/handlers/templates.go:222.2,232.16 7 1
leaflock/handlers/templates.go:232.16,234.3 1 0
leaflock/handlers/templates.go:236.2,248.4 1 1
leaflock/handlers/templates.go:251.63,254.16 3 1
leaflock/handlers/templates.go:254.16,256.3 1 0
leaflock/handlers/templates.go:258.2,259.43 2 1
leaflock/handlers/templates.go:259.43,261.3 1 0
leaflock/handlers/templates.go:264.2,265.16 2 1
leaflock/handlers/templates.go:265.16,267.3 1 0
leaflock/handlers/templates.go:269.2,270.27 2 1
leaflock/handlers/templates.go:270.27,272.17 2 1
leaflock/handlers/templates.go:272.17,274.4 1 0
leaflock/handlers/templates.go:277.2,278.16 2 1
leaflock/handlers/templates.go:278.16,280.3 1 0
leaflock/handlers/templates.go:283.2,284.16 2 1
leaflock/handlers/templates.go:284.16,286.3 1 1
leaflock/handlers/templates.go:288.2,294.16 3 1
leaflock/handlers/templates.go:294.16,296.3 1 0
leaflock/handlers/templates.go:298.2,298.32 1 1
leaflock/handlers/templates.go:298.32,300.3 1 1
leaflock/handlers/templates.go:302.2,309.16 4 1
leaflock/handlers/templates.go:309.16,311.3 1 0
leaflock/handlers/templates.go:313.2,325.4 1 1
leaflock/handlers/templates.go:328.63,331.16 3 1
leaflock/handlers/templates.go:331.16,333.3 1 1
leaflock/handlers/templates.go:335.2,337.16 3 0
leaflock/handlers/templates.go:337.16,339.3 1 0
leaflock/handlers/templates.go:341.2,341.32 1 0
leaflock/handlers/templates.go:341.32,343.3 1 0
leaflock/handlers/templates.go:345.2,345.70 1 0
leaflock/handlers/templates.go:348.60,351.16 3 0
leaflock/handlers/templates.go:351.16,353.3 1 0
leaflock/handlers/templates.go:355.2,356.43 2 0
leaflock/handlers/templates.go:356.43,358.3 1 0
leaflock/handlers/templates.go:360.2,370.16 5 0
leaflock/handlers/templates.go:370.16,372.3 1 0
leaflock/handlers/templates.go:375.2,376.16 2 0
leaflock/handlers/templates.go:376.16,378.3 1 0
leaflock/handlers/templates.go:379.2,382.16 3 0
leaflock/handlers/templates.go:382.16,384.3 1 0
leaflock/handlers/templates.go:385.2,389.17 3 0
leaflock/handlers/templates.go:389.17,391.3 1 0
leaflock/handlers/templates.go:394.2,395.16 2 0
leaflock/handlers/templates.go:395.16,397.3 1 0
leaflock/handlers/templates.go:399.2,400.16 2 0
leaflock/handlers/templates.go:400.16,402.3 1 0
leaflock/handlers/templates.go:405.2,406.48 2 0
leaflock/handlers/templates.go:406.48,408.17 2 0
leaflock/handlers/templates.go:408.17,410.4 1 0
leaflock/handlers/templates.go:411.3,416.17 4 0
leaflock/handlers/templates.go:416.17,418.4 1 0
leaflock/handlers/templates.go:422.2,428.16 3 0
leaflock/handlers/templates.go:428.16,430.3 1 0
leaflock/handlers/templates.go:433.2,436.16 2 0
leaflock/handlers/templates.go:436.16,439.3 1 0
leaflock/handlers/templates.go:441.2,444.4 1 0
